V1,V2,V3,V4,V5,V6,bestlam,rmse,bestlam_numpred
1,2,3,4,5,6,0.10024580154289,0.350518205479866,3
1,2,3,4,5,7,0.216288214287468,0.475456264505594,2
1,2,3,4,5,8,0.133999034116174,0.499360364003818,3
1,2,3,4,5,9,0.169135476734413,0.415667177210586,2
1,2,3,4,5,10,0.0391078905999216,0.661165961902524,4
1,2,3,4,5,11,0.101690726494381,0.432990153053255,4
1,2,3,4,5,12,0.0371936820741461,0.624737488158066,5
1,2,3,4,5,13,0.101597757810197,0.426288795154581,3
1,2,3,4,6,7,0.005353596866548,0.781538806033391,6
1,2,3,4,6,8,0.121266185601465,0.531591011279611,4
1,2,3,4,6,9,0.157383861128401,0.415325451439896,2
1,2,3,4,6,10,0.299045992694656,0.446743562760176,1
1,2,3,4,6,11,0.0888991630717264,0.32333584645141,2
1,2,3,4,6,12,0.0394139968213549,0.617101153101146,4
1,2,3,4,6,13,0.223402377299037,0.407019164967142,1
1,2,3,4,7,8,0.00577487877856699,0.971876156314967,4
1,2,3,4,7,9,0.179606575046202,0.462659869243539,2
1,2,3,4,7,10,0.00494150477625134,0.859819319198498,6
1,2,3,4,7,11,0.187686600899558,0.449510492852037,2
1,2,3,4,7,12,0.160801709807071,0.644567245875471,2
1,2,3,4,7,13,0.073340058555273,0.443100806742374,4
1,2,3,4,8,9,0.118827520330491,0.519976375262771,2
1,2,3,4,8,10,0.378350986395193,0.436158215564648,1
1,2,3,4,8,11,0.102146149943347,0.495943056501078,4
1,2,3,4,8,12,0.0634714823420182,0.615337886604412,4
1,2,3,4,8,13,0.0464255022748829,0.536071618189589,5
1,2,3,4,9,10,0.168151029425443,0.408500935169816,2
1,2,3,4,9,11,0.124325467244724,0.422068589369038,2
1,2,3,4,9,12,0.221830172147094,0.482721915650238,2
1,2,3,4,9,13,0.0467020917240504,0.485710345239362,3
1,2,3,4,10,11,0.176738146123003,0.382700218833948,2
1,2,3,4,10,12,0.0401896311907495,0.642224415689537,4
1,2,3,4,10,13,0.11426021739707,0.417187347304922,3
1,2,3,4,11,12,0.00867385378600993,0.615440705741411,6
1,2,3,4,11,13,0.0412893152025078,0.457059581600691,2
1,2,3,4,12,13,0.00783038605030707,0.559775403272278,6
1,2,3,5,6,7,0.27287386308645,0.504645651780389,0
1,2,3,5,6,8,0.287239069459614,0.369951766513264,1
1,2,3,5,6,9,0.31054102829025,0.484596375135063,2
1,2,3,5,6,10,0.307454916890604,0.409012885827036,1
1,2,3,5,6,11,0.218202365551884,0.336949215695974,2
1,2,3,5,6,12,0.0745766792975687,0.576973240862226,4
1,2,3,5,6,13,0.0474295055789437,0.381085865073666,3
1,2,3,5,7,8,0.251789615496247,0.567980038673624,1
1,2,3,5,7,9,0.202585419858089,0.468077068613074,2
1,2,3,5,7,10,0.264312727455044,0.5119998936652,0
1,2,3,5,7,11,0.220124367342666,0.466500256258902,1
1,2,3,5,7,12,0.0123345730794803,0.675303371007602,5
1,2,3,5,7,13,0.145310850822505,0.426823161358473,2
1,2,3,5,8,9,0.290538812941804,0.391293034476443,2
1,2,3,5,8,10,0.357151261380275,0.392704095711809,1
1,2,3,5,8,11,0.335119156070179,0.364760500983363,1
1,2,3,5,8,12,0.0340577315186534,0.550351830356845,3
1,2,3,5,8,13,0.085495356426958,0.421610762271039,5
1,2,3,5,9,10,0.0928245293452751,0.547378406833005,3
1,2,3,5,9,11,0.221997588296584,0.372730463644152,2
1,2,3,5,9,12,0.296384256940467,0.461692156773034,2
1,2,3,5,9,13,0.141222385059333,0.423123094011307,2
1,2,3,5,10,11,0.283725026564959,0.358452148210737,1
1,2,3,5,10,12,0.00474631680602622,0.760331510067062,6
1,2,3,5,10,13,0.10724684345411,0.418545512453361,4
1,2,3,5,11,12,0.00754989541898815,0.609309431672028,6
1,2,3,5,11,13,0.0834870291121073,0.433515257015429,2
1,2,3,5,12,13,0.00496313746057817,0.462961560861202,6
1,2,3,6,7,8,0.220281387879379,0.561769059425615,2
1,2,3,6,7,9,0.266090889854405,0.515223869805087,0
1,2,3,6,7,10,0.058854932452759,0.800190119570169,5
1,2,3,6,7,11,0.280975141403003,0.510344245616759,1
1,2,3,6,7,12,0.0265677632040195,0.874246107876771,5
1,2,3,6,7,13,0.115941611709223,0.426314254892746,2
1,2,3,6,8,9,0.20195899760424,0.395669048636428,3
1,2,3,6,8,10,0.343133647782159,0.410049602807985,1
1,2,3,6,8,11,0.375433504079855,0.380235856946048,1
1,2,3,6,8,12,0.0977878693317371,0.53020349636965,5
1,2,3,6,8,13,0.144914114079719,0.457362982573275,3
1,2,3,6,9,10,0.201492242392853,0.420359759410095,3
1,2,3,6,9,11,0.19484226693537,0.352283860158094,2
1,2,3,6,9,12,0.00950046553030725,0.671693218467075,6
1,2,3,6,9,13,0.170763651452384,0.428354760161354,1
1,2,3,6,10,11,0.196636626276431,0.339305838565254,2
1,2,3,6,10,12,0.0704089777510664,0.562236233644117,5
1,2,3,6,10,13,0.393944841301253,0.479104934989633,0
1,2,3,6,11,12,0.010165804975458,0.477665710817582,5
1,2,3,6,11,13,0.0350352588666442,0.42694203818946,3
1,2,3,6,12,13,0.0470290028572516,0.548882665964845,5
1,2,3,7,8,9,0.24086509100077,0.554672162542294,2
1,2,3,7,8,10,0.0505145746143499,0.766581549511522,1
1,2,3,7,8,11,0.241254930233688,0.59744914892909,1
1,2,3,7,8,12,0.109677586590282,0.722146593148492,0
1,2,3,7,8,13,0.0861244053558796,0.496796766661322,2
1,2,3,7,9,10,0.255161218418532,0.521756931020718,1
1,2,3,7,9,11,0.201073906881336,0.453710665170654,1
1,2,3,7,9,12,0.00299350644856358,0.653610753562446,6
1,2,3,7,9,13,0.126245751064497,0.433814729571363,1
1,2,3,7,10,11,0.273875348596966,0.513159455075733,0
1,2,3,7,10,12,0.193787815942397,0.63198517295956,0
1,2,3,7,10,13,0.299236819274312,0.5179548787298,0
1,2,3,7,11,12,0.156334289234624,0.674619359271145,2
1,2,3,7,11,13,0.16330164624498,0.421935790458253,1
1,2,3,7,12,13,0.112295522963575,0.588083734617989,3
1,2,3,8,9,10,0.329922411232731,0.414953900018697,2
1,2,3,8,9,11,0.288536126311544,0.375401410072901,1
1,2,3,8,9,12,0.00587717362316631,0.655616593449644,6
1,2,3,8,9,13,0.147710917727226,0.413629944939291,1
1,2,3,8,10,11,0.370616235439562,0.385746356671861,1
1,2,3,8,10,12,0.280089633792334,0.48496823226292,2
1,2,3,8,10,13,0.344803274069914,0.407990271243779,1
1,2,3,8,11,12,0.316039114331295,0.520103284701356,2
1,2,3,8,11,13,0.0591090244877569,0.434015848226833,3
1,2,3,8,12,13,0.00852978426637745,0.47605249104434,6
1,2,3,9,10,11,0.229540174454984,0.380738776972643,1
1,2,3,9,10,12,0.0728030209084491,0.526699171189263,5
1,2,3,9,10,13,0.120006093911363,0.418686601827636,2
1,2,3,9,11,12,0.0302502738525971,0.623533610903649,4
1,2,3,9,11,13,0.0572078254221908,0.469275576242781,1
1,2,3,9,12,13,0.00747142493999618,0.5153028278441,6
1,2,3,10,11,12,0.029213082843128,0.662339294308684,5
1,2,3,10,11,13,0.159788227051717,0.413760527450423,2
1,2,3,10,12,13,0.00654313179600092,0.568765403727991,6
1,2,3,11,12,13,0.140603929044071,0.427644954029031,1
1,2,4,5,6,7,0.25077167849564,0.492512164523981,1
1,2,4,5,6,8,0.357055308573509,0.458392763787197,1
1,2,4,5,6,9,0.298343544466389,0.590949928752659,0
1,2,4,5,6,10,0.189661933346075,0.663442086793282,2
1,2,4,5,6,11,0.16064752234685,0.506819477044081,2
1,2,4,5,6,12,0.329926754929519,0.468647351835095,1
1,2,4,5,6,13,0.141819239301994,0.462825625406301,3
1,2,4,5,7,8,0.251038344564255,0.448854722957658,0
1,2,4,5,7,9,0.158750322015606,0.497280470201845,1
1,2,4,5,7,10,0.239331245729674,0.518424730945646,0
1,2,4,5,7,11,0.197798320852963,0.436710298739561,1
1,2,4,5,7,12,0.220764992495349,0.513935567379041,0
1,2,4,5,7,13,0.234809398935399,0.480164152314154,0
1,2,4,5,8,9,0.349373524118368,0.455574578576333,1
1,2,4,5,8,10,0.343122355027175,0.466829932594717,1
1,2,4,5,8,11,0.388774801798206,0.370999091496498,1
1,2,4,5,8,12,0.384549022484057,0.401695881602999,1
1,2,4,5,8,13,0.230939790264428,0.368464812845747,1
1,2,4,5,9,10,0.25703049406273,0.609454024349122,0
1,2,4,5,9,11,0.309862999341275,0.498907698202015,0
1,2,4,5,9,12,0.300807239729307,0.470313847380856,0
1,2,4,5,9,13,0.243627819604413,0.615729909114143,2
1,2,4,5,10,11,0.29403967731792,0.506543867189637,1
1,2,4,5,10,12,0.335797350353171,0.478219629835829,0
1,2,4,5,10,13,0.311431352843366,0.596155631596305,0
1,2,4,5,11,12,0.338961838188871,0.405446805842226,0
1,2,4,5,11,13,0.191814411959277,0.395796564086079,2
1,2,4,5,12,13,0.338150972061598,0.457225005473906,0
1,2,4,6,7,8,0.240435784016725,0.460412440767762,0
1,2,4,6,7,9,0.1794913715271,0.525194509415635,0
1,2,4,6,7,10,0.241572609654038,0.5344497808947,0
1,2,4,6,7,11,0.291571766437873,0.469933716398643,0
1,2,4,6,7,12,0.207618194502977,0.522404873541272,0
1,2,4,6,7,13,0.228756743842428,0.511642552819141,0
1,2,4,6,8,9,0.327432452160484,0.488345214977652,0
1,2,4,6,8,10,0.332839413995198,0.517307081444582,1
1,2,4,6,8,11,0.138573195989029,0.368469836070458,3
1,2,4,6,8,12,0.372548458906618,0.4263571027897,0
1,2,4,6,8,13,0.161404225634788,0.435335335123987,2
1,2,4,6,9,10,0.276296774803372,0.652637926885152,1
1,2,4,6,9,11,0.335163465627761,0.539733126270823,0
1,2,4,6,9,12,0.278579581977842,0.504704861098372,1
1,2,4,6,9,13,0.27269682065566,0.623653860465671,0
1,2,4,6,10,11,0.26169415752501,0.567074273208999,1
1,2,4,6,10,12,0.31744220250725,0.514861340770713,0
1,2,4,6,10,13,0.329346403159751,0.649788278569969,1
1,2,4,6,11,12,0.00709635788604956,0.647685497682978,5
1,2,4,6,11,13,0.203032866969631,0.41890413907498,3
1,2,4,6,12,13,0.329347911069756,0.490504650910117,0
1,2,4,7,8,9,0.244982309906883,0.454767836309911,0
1,2,4,7,8,10,0.0861229885740105,0.746408623618031,3
1,2,4,7,8,11,0.261603376009213,0.452470789204786,0
1,2,4,7,8,12,0.256090530537038,0.560789285464974,0
1,2,4,7,8,13,0.259452870542889,0.406860382000402,1
1,2,4,7,9,10,0.222870820690839,0.54269163912384,0
1,2,4,7,9,11,0.197270019311964,0.467825192479905,1
1,2,4,7,9,12,0.202399636090515,0.524891384418708,1
1,2,4,7,9,13,0.218423324713053,0.523887019965375,1
1,2,4,7,10,11,0.24869761127334,0.494846575203912,1
1,2,4,7,10,12,0.179183029002136,0.675690610101817,2
1,2,4,7,10,13,0.258439556041168,0.534461623659781,0
1,2,4,7,11,12,0.252789346992122,0.520676499476652,0
1,2,4,7,11,13,0.0167515851446599,0.767978796495429,6
1,2,4,7,12,13,0.201870942960203,0.52192032120902,0
1,2,4,8,9,10,0.310959433710908,0.518422138997065,0
1,2,4,8,9,11,0.369538630682146,0.419193551835641,1
1,2,4,8,9,12,0.382074080213818,0.42402629201371,1
1,2,4,8,9,13,0.22656146117351,0.360884266402671,1
1,2,4,8,10,11,0.363565709141522,0.436899871652952,1
1,2,4,8,10,12,0.366888972603054,0.444885693749101,1
1,2,4,8,10,13,0.170780417944654,0.393441013746462,1
1,2,4,8,11,12,0.390816637831819,0.392817528561658,1
1,2,4,8,11,13,0.175025600429219,0.336093923304808,2
1,2,4,8,12,13,0.244932734340251,0.385750246765145,1
1,2,4,9,10,11,0.27756173852797,0.561724580374108,1
1,2,4,9,10,12,0.324903540528342,0.519490456956775,1
1,2,4,9,10,13,0.218007033626816,0.65071588543975,2
1,2,4,9,11,12,0.321708901811181,0.441418161687779,0
1,2,4,9,11,13,0.157462193057477,0.505051407571694,3
1,2,4,9,12,13,0.333847354942976,0.51048296080402,1
1,2,4,10,11,12,0.35390103529844,0.451680319195501,0
1,2,4,10,11,13,0.140319862679144,0.471835688664924,4
1,2,4,10,12,13,0.35120771463554,0.513176771029514,0
1,2,4,11,12,13,0.353161014175423,0.434040852517968,1
1,2,5,6,7,8,0.28328840175947,0.432000508837452,1
1,2,5,6,7,9,0.200646402709647,0.468285739918304,0
1,2,5,6,7,10,0.248208351804818,0.485950713305511,1
1,2,5,6,7,11,0.284490614934059,0.428288217285143,0
1,2,5,6,7,12,0.223795957914911,0.508114984908643,1
1,2,5,6,7,13,0.0450185432223029,0.425394211176419,6
1,2,5,6,8,9,0.204990441998854,0.303211847309367,2
1,2,5,6,8,10,0.376606825711365,0.445190835160912,1
1,2,5,6,8,11,0.0057564404703153,0.583517858841635,5
1,2,5,6,8,12,0.200240246468205,0.356086460763179,2
1,2,5,6,8,13,0.188049146119602,0.445205256166556,2
1,2,5,6,9,10,0.275681377447369,0.578174971331548,0
1,2,5,6,9,11,0.171848342994625,0.362737462271598,3
1,2,5,6,9,12,0.303228971689534,0.444162478457448,0
1,2,5,6,9,13,0.342048701059018,0.550808946461535,1
1,2,5,6,10,11,0.383372496910806,0.480889650505538,0
1,2,5,6,10,12,0.321322980762795,0.451048623492786,1
1,2,5,6,10,13,0.39390208851355,0.580661214604003,1
1,2,5,6,11,12,0.063209343618821,0.435847161165143,5
1,2,5,6,11,13,0.167863908372096,0.362632652272502,3
1,2,5,6,12,13,0.372724516417382,0.434793818880956,0
1,2,5,7,8,9,0.277502780080131,0.430400609183418,0
1,2,5,7,8,10,0.152163471900504,0.552865792260654,3
1,2,5,7,8,11,0.29517408392078,0.428590633110472,0
1,2,5,7,8,12,0.236590145439948,0.548340352670601,1
1,2,5,7,8,13,0.151023871489014,0.396454137276066,3
1,2,5,7,9,10,0.220627565736067,0.489153632039666,0
1,2,5,7,9,11,0.254123617756493,0.431392477427784,0
1,2,5,7,9,12,0.229246566357783,0.512393202131266,0
1,2,5,7,9,13,0.278778828164466,0.467552342268331,1
1,2,5,7,10,11,0.245620765238166,0.445778398845669,0
1,2,5,7,10,12,0.255130308146966,0.511041585969318,0
1,2,5,7,10,13,0.275132556337391,0.481134928471002,0
1,2,5,7,11,12,0.264481918822727,0.517062352091447,0
1,2,5,7,11,13,0.200855526637092,0.326234305343144,2
1,2,5,7,12,13,0.255739817150566,0.508417187901072,1
1,2,5,8,9,10,0.361905623759674,0.452950019386145,0
1,2,5,8,9,11,0.212153005796265,0.254240603589807,1
1,2,5,8,9,12,0.1329752963655,0.360549567253714,2
1,2,5,8,9,13,0.209376269578991,0.333184415177631,1
1,2,5,8,10,11,0.404802671906961,0.363601059637203,0
1,2,5,8,10,12,0.284251009621635,0.374056675029952,2
1,2,5,8,10,13,0.230745713613507,0.383691858101724,1
1,2,5,8,11,12,0.148922785116095,0.377787125260373,3
1,2,5,8,11,13,0.181591451035666,0.332976755232203,2
1,2,5,8,12,13,0.149732391125946,0.401427515673995,2
1,2,5,9,10,11,0.323368213649961,0.481120995688088,0
1,2,5,9,10,12,0.326917519149447,0.458565462707161,1
1,2,5,9,10,13,0.00645704403213193,0.743265746704648,6
1,2,5,9,11,12,0.334950273335031,0.387001288081091,0
1,2,5,9,11,13,0.198283183959753,0.451993286525525,3
1,2,5,9,12,13,0.331471937790344,0.433319713486879,1
1,2,5,10,11,12,0.0816514111252364,0.413973927100911,4
1,2,5,10,11,13,0.170120980523868,0.429542022322846,3
1,2,5,10,12,13,0.074352695698336,0.362324083386698,4
1,2,5,11,12,13,0.00784437902232196,0.419241895817828,6
1,2,6,7,8,9,0.265429660245063,0.454628491975083,0
1,2,6,7,8,10,0.161562713264466,0.549180227828291,3
1,2,6,7,8,11,0.292128498600299,0.433167676966903,1
1,2,6,7,8,12,0.23416278714229,0.542651640521458,1
1,2,6,7,8,13,0.216634479381116,0.359581287614325,1
1,2,6,7,9,10,0.209872729176376,0.518632188834298,0
1,2,6,7,9,11,0.233744747672868,0.440924663922774,0
1,2,6,7,9,12,0.191053273140268,0.514636378395232,0
1,2,6,7,9,13,0.256425476172846,0.50065199495916,0
1,2,6,7,10,11,0.267180202772896,0.462111329901716,1
1,2,6,7,10,12,0.243737352118976,0.518923272515789,1
1,2,6,7,10,13,0.319197842542046,0.515881459627744,0
1,2,6,7,11,12,0.24786812809701,0.514476762437336,0
1,2,6,7,11,13,0.0203379545333114,0.558496514276026,4
1,2,6,7,12,13,0.220753412350312,0.511744127311619,0
1,2,6,8,9,10,0.344158121746771,0.484076375572725,0
1,2,6,8,9,11,0.170384172543305,0.287294074468804,3
1,2,6,8,9,12,0.178342514577851,0.357702653524765,2
1,2,6,8,9,13,0.160464864904483,0.445141680300799,2
1,2,6,8,10,11,0.397276641511776,0.423067358341148,1
1,2,6,8,10,12,0.277182918284817,0.387066200194273,1
1,2,6,8,10,13,0.0118066756002189,1.20979858787302,6
1,2,6,8,11,12,0.281041984211556,0.361265979363497,2
1,2,6,8,11,13,0.205372756149832,0.36350217769541,2
1,2,6,8,12,13,0.0505233391295915,0.546935060368237,5
1,2,6,9,10,11,0.311331515817788,0.530147597746121,0
1,2,6,9,10,12,0.306285693771977,0.494726809247556,0
1,2,6,9,10,13,0.00505367003469694,0.878021762832313,6
1,2,6,9,11,12,0.354024885407314,0.418088298583883,0
1,2,6,9,11,13,0.107283455654517,0.521141662184399,4
1,2,6,9,12,13,0.337732669112471,0.470703182777802,0
1,2,6,10,11,12,0.369013589556416,0.427731804329177,1
1,2,6,10,11,13,0.385718468140112,0.519030005153057,0
1,2,6,10,12,13,0.35460986768131,0.485497186195629,0
1,2,6,11,12,13,0.368811537619388,0.406461697539916,1
1,2,7,8,9,10,0.150363577804093,0.535148985045599,3
1,2,7,8,9,11,0.289822810124088,0.42963286893893,0
1,2,7,8,9,12,0.238723632810275,0.539164338104598,0
1,2,7,8,9,13,0.215612216680559,0.329471129872079,1
1,2,7,8,10,11,0.0839781148660611,0.658922279974796,4
1,2,7,8,10,12,0.0485012480144455,0.924392013499298,2
1,2,7,8,10,13,0.173786776040419,0.488864208405489,3
1,2,7,8,11,12,0.223820491010852,0.576540300343934,1
1,2,7,8,11,13,0.126891484575631,0.384012865950127,3
1,2,7,8,12,13,0.284354916329806,0.538916522334228,0
1,2,7,9,10,11,0.225869459493128,0.470713331820354,1
1,2,7,9,10,12,0.238944049383531,0.521307794632155,1
1,2,7,9,10,13,0.245730343935864,0.512888852788235,0
1,2,7,9,11,12,0.243957948590364,0.517462590961016,0
1,2,7,9,11,13,0.00417004473608202,0.753513022534607,6
1,2,7,9,12,13,0.208714060788229,0.518241849340841,0
1,2,7,10,11,12,0.23726480259587,0.530475641027709,1
1,2,7,10,11,13,0.0065980700769855,1.09425405218598,6
1,2,7,10,12,13,0.238712379722191,0.51016844879337,0
1,2,7,11,12,13,0.250052972292512,0.516076951553384,1
1,2,8,9,10,11,0.38131186360576,0.404569970831385,0
1,2,8,9,10,12,0.264485645532715,0.367778787845889,1
1,2,8,9,10,13,0.0557425962311308,0.497172628834592,5
1,2,8,9,11,12,0.147678382917725,0.367985226576017,3
1,2,8,9,11,13,0.00700586002353471,0.794635883722578,6
1,2,8,9,12,13,0.00713592754733947,0.52244386087906,6
1,2,8,10,11,12,0.27549847253506,0.378244814589148,2
1,2,8,10,11,13,0.200228347616464,0.368162627569748,1
1,2,8,10,12,13,0.0948313839974489,0.375560633886194,4
1,2,8,11,12,13,0.109830322764164,0.414958383276127,2
1,2,9,10,11,12,0.346050544528218,0.43288275075797,0
1,2,9,10,11,13,0.178761947268479,0.449916835804445,4
1,2,9,10,12,13,0.116551312950029,0.415222207083183,6
1,2,9,11,12,13,0.380895349574037,0.414323732879689,0
1,2,10,11,12,13,0.135038484120758,0.35334033567933,4
1,3,4,5,6,7,0.219244829431813,0.470313358798291,2
1,3,4,5,6,8,0.23760819051978,0.407425953760232,2
1,3,4,5,6,9,0.163180647275859,0.529618017311138,2
1,3,4,5,6,10,0.00867722121596004,0.764701871376629,6
1,3,4,5,6,11,0.104607079018676,0.333011890135565,2
1,3,4,5,6,12,0.133250617525038,0.5110200442569,5
1,3,4,5,6,13,0.23256591227347,0.395423672099621,1
1,3,4,5,7,8,0.0219211932756282,0.930943758755039,4
1,3,4,5,7,9,0.196772958213906,0.463074434547844,2
1,3,4,5,7,10,0.13374787702648,0.501168714131661,3
1,3,4,5,7,11,0.222899370249967,0.468523198464926,2
1,3,4,5,7,12,0.0246361251002264,0.67205177178578,3
1,3,4,5,7,13,0.161163896158181,0.429588500006807,2
1,3,4,5,8,9,0.129033049353754,0.524952849723459,2
1,3,4,5,8,10,0.046279182186875,0.74060170387461,3
1,3,4,5,8,11,0.430696538493327,0.374571125443084,0
1,3,4,5,8,12,0.22878787073925,0.489895000632271,2
1,3,4,5,8,13,0.0784765433901121,0.485644094339986,4
1,3,4,5,9,10,0.0575577205731806,0.662516393117557,3
1,3,4,5,9,11,0.269418793876794,0.376118758752798,2
1,3,4,5,9,12,0.197148214521868,0.492899557012455,2
1,3,4,5,9,13,0.142199303872968,0.426111135177667,2
1,3,4,5,10,11,0.093899010785114,0.664245307695293,4
1,3,4,5,10,12,0.158078693059517,0.488060114741445,3
1,3,4,5,10,13,0.0371538910872777,0.524130926686465,4
1,3,4,5,11,12,0.11007816305504,0.551346552805092,3
1,3,4,5,11,13,0.0363868419671007,0.457071067018531,2
1,3,4,5,12,13,0.123924178464098,0.469876340256707,4
1,3,4,6,7,8,0.0370094953451458,0.877324258068893,4
1,3,4,6,7,9,0.161510697123035,0.453264893388419,2
1,3,4,6,7,10,0.252298807718929,0.515012323031421,0
1,3,4,6,7,11,0.129176984855828,0.358354216130118,2
1,3,4,6,7,12,0.0670122345351771,0.624872493040054,5
1,3,4,6,7,13,0.0736577698470996,0.387072858951703,4
1,3,4,6,8,9,0.176499103580782,0.445846543581281,2
1,3,4,6,8,10,0.386354360681579,0.41680200659808,0
1,3,4,6,8,11,0.378742122897616,0.377379506241486,2
1,3,4,6,8,12,0.0632869344883167,0.568412938627942,5
1,3,4,6,8,13,0.0961107161934641,0.577144248932708,2
1,3,4,6,9,10,0.170527838630167,0.43379507627992,3
1,3,4,6,9,11,0.135409300330003,0.32918650931963,2
1,3,4,6,9,12,0.0539700591345706,0.66617291967496,5
1,3,4,6,9,13,0.18025083416736,0.425002198075793,2
1,3,4,6,10,11,0.331951126873811,0.39710987354817,2
1,3,4,6,10,12,0.0174879626811392,0.606963479020109,6
1,3,4,6,10,13,0.274551210209882,0.421182377272156,1
1,3,4,6,11,12,0.00758839915545246,0.563385426261797,6
1,3,4,6,11,13,0.00602640867218032,0.487726793888553,4
1,3,4,6,12,13,0.0412580638782943,0.482427876081092,6
1,3,4,7,8,9,0.164419472023305,0.506760340290971,3
1,3,4,7,8,10,0.0108583264048959,0.948064743616291,4
1,3,4,7,8,11,0.238919589471903,0.582646665326238,2
1,3,4,7,8,12,0.11223367470298,0.724690890079255,1
1,3,4,7,8,13,0.0141948816800004,0.833881800001519,6
1,3,4,7,9,10,0.17927233768999,0.46553344974979,2
1,3,4,7,9,11,0.16116274964165,0.442052254973212,2
1,3,4,7,9,12,0.00538245280197674,0.727575960628973,6
1,3,4,7,9,13,0.110845919731575,0.433841322386017,2
1,3,4,7,10,11,0.278458349902298,0.51089744467817,1
1,3,4,7,10,12,0.209385438130693,0.630549759691588,0
1,3,4,7,10,13,0.0214053094442215,0.500084214565075,6
1,3,4,7,11,12,0.034139538524912,0.675556952126444,5
1,3,4,7,11,13,0.143654158806578,0.420365108190588,1
1,3,4,7,12,13,0.0856570058721672,0.577076280138672,4
1,3,4,8,9,10,0.304705370274922,0.413712938264116,1
1,3,4,8,9,11,0.175983598835434,0.432834055333096,2
1,3,4,8,9,12,0.2282474371593,0.481232906651829,2
1,3,4,8,9,13,0.0850943554366421,0.44101895571051,3
1,3,4,8,10,11,0.410896737720228,0.392772435414744,0
1,3,4,8,10,12,0.22958735517216,0.479064887847743,3
1,3,4,8,10,13,0.332200697728703,0.401394644073328,1
1,3,4,8,11,12,0.260763393835085,0.521204861697792,2
1,3,4,8,11,13,0.0450177790092979,0.450256257261868,3
1,3,4,8,12,13,0.00856712958209289,0.483713279821559,6
1,3,4,9,10,11,0.242810361435043,0.385336915634147,2
1,3,4,9,10,12,0.134687436208358,0.495218789341063,3
1,3,4,9,10,13,0.152783384774257,0.423848266416695,2
1,3,4,9,11,12,0.0295432306167147,0.608424694941949,4
1,3,4,9,11,13,0.0435436923569671,0.466312226601696,2
1,3,4,9,12,13,0.00865269809659208,0.523258911837374,6
1,3,4,10,11,12,0.0729065020393401,0.536032540621149,3
1,3,4,10,11,13,0.127736736581055,0.421912546939141,2
1,3,4,10,12,13,0.00574808592169681,0.463671192534779,6
1,3,4,11,12,13,0.123210892594738,0.43439384962387,2
1,3,5,6,7,8,0.183774831746266,0.556942101735865,2
1,3,5,6,7,9,0.168340392556773,0.527756126967329,2
1,3,5,6,7,10,0.28129301647899,0.500069031654299,0
1,3,5,6,7,11,0.00555397788702661,0.494145680572317,6
1,3,5,6,7,12,0.00492836800382827,0.781416161935682,5
1,3,5,6,7,13,0.00403504328180458,0.34609276961689,6
1,3,5,6,8,9,0.24258724293784,0.471640090917621,2
1,3,5,6,8,10,0.00739678348864899,0.868102458819575,6
1,3,5,6,8,11,0.00599612287418584,0.554660122767605,6
1,3,5,6,8,12,0.259846629039917,0.485316960271619,3
1,3,5,6,8,13,0.0301823667693621,0.401675392408957,6
1,3,5,6,9,10,0.00584144744420748,0.826416087630823,7
1,3,5,6,9,11,0.05215434209666,0.660852520568521,4
1,3,5,6,9,12,0.161334134496321,0.54295527622103,4
1,3,5,6,9,13,0.165033590883718,0.669297000915167,2
1,3,5,6,10,11,0.00778257140751248,0.522290673693365,6
1,3,5,6,10,12,0.0384749313719854,0.531369987361537,5
1,3,5,6,10,13,0.296486589961077,0.402178653124423,1
1,3,5,6,11,12,0.0136192586901526,0.444112059919937,5
1,3,5,6,11,13,0.119041347402502,0.382165849644624,2
1,3,5,6,12,13,0.160004033651521,0.451881426794974,4
1,3,5,7,8,9,0.273370428375961,0.559313207208542,0
1,3,5,7,8,10,0.0352287997740523,0.62146079642758,4
1,3,5,7,8,11,0.268126159636477,0.610860898225271,1
1,3,5,7,8,12,0.104967090393918,0.738086222394289,1
1,3,5,7,8,13,0.0723444672869984,0.501086214066655,2
1,3,5,7,9,10,0.2916966658988,0.504803323624774,1
1,3,5,7,9,11,0.300332386952127,0.509691947371775,1
1,3,5,7,9,12,0.034986544278017,0.654496737057033,4
1,3,5,7,9,13,0.189824221181658,0.442926025244781,1
1,3,5,7,10,11,0.297199894516633,0.515212276593283,1
1,3,5,7,10,12,0.0131065416955107,0.708689101650169,4
1,3,5,7,10,13,0.170718635833259,0.434045485149258,1
1,3,5,7,11,12,0.004198113156791,0.731225094653676,6
1,3,5,7,11,13,0.172128816115081,0.42223356950541,1
1,3,5,7,12,13,0.00371257351799133,0.601879460574025,5
1,3,5,8,9,10,0.031233632721873,0.668782484443549,4
1,3,5,8,9,11,0.420721162026498,0.366631355124646,1
1,3,5,8,9,12,0.039658093863613,0.531414440272215,5
1,3,5,8,9,13,0.197961353583908,0.406653430290963,2
1,3,5,8,10,11,0.008595145663012,0.813414860704315,5
1,3,5,8,10,12,0.0921289214874827,0.486116818421373,5
1,3,5,8,10,13,0.00702991916604226,0.563074380746776,7
1,3,5,8,11,12,0.23525142366731,0.571747256971532,1
1,3,5,8,11,13,0.0616943292927601,0.424512935886808,4
1,3,5,8,12,13,0.00532123157311388,0.474955047119271,6
1,3,5,9,10,11,0.00599528580963736,0.80144017755246,5
1,3,5,9,10,12,0.0633118414294995,0.505151404247401,5
1,3,5,9,10,13,0.0194772502222009,0.59556355996415,5
1,3,5,9,11,12,0.315379628181852,0.459129814105275,2
1,3,5,9,11,13,0.147157375437931,0.447510245929913,1
1,3,5,9,12,13,0.0511039655376051,0.494553978123128,5
1,3,5,10,11,12,0.0081147845640397,0.52285295708975,4
1,3,5,10,11,13,0.0928319291264834,0.430922226479167,3
1,3,5,10,12,13,0.00666073218367828,0.397098508772276,6
1,3,5,11,12,13,0.133759109835604,0.427607356663591,2
1,3,6,7,8,9,0.192819181380705,0.530345339503102,2
1,3,6,7,8,10,0.00367811020722729,0.659626587776732,6
1,3,6,7,8,11,0.258291081690996,0.591487838163311,1
1,3,6,7,8,12,0.122957677023776,0.73089657377619,0
1,3,6,7,8,13,0.0817817723734353,0.491614081864474,2
1,3,6,7,9,10,0.275863870898394,0.507931884831056,1
1,3,6,7,9,11,0.201852791368552,0.449300394400878,1
1,3,6,7,9,12,0.00488871663077206,0.722677896915689,6
1,3,6,7,9,13,0.152954788240688,0.43932802123017,1
1,3,6,7,10,11,0.00635225701960558,0.557166001010044,6
1,3,6,7,10,12,0.0306131928807718,0.684445278198702,5
1,3,6,7,10,13,0.315854986928505,0.506634138194754,0
1,3,6,7,11,12,0.0515451973184421,0.703287499024812,4
1,3,6,7,11,13,0.161033049303305,0.423004986978585,1
1,3,6,7,12,13,0.0951746664469289,0.588219134393894,4
1,3,6,8,9,10,0.316220658335212,0.407555659024365,2
1,3,6,8,9,11,0.392900655574738,0.374498760660024,1
1,3,6,8,9,12,0.217808654791839,0.47526250231842,2
1,3,6,8,9,13,0.145955455350275,0.432511042108266,2
1,3,6,8,10,11,0.346607282967378,0.378454421831832,2
1,3,6,8,10,12,0.075555950362798,0.511084363557664,4
1,3,6,8,10,13,0.147174526002396,0.581384036992199,2
1,3,6,8,11,12,0.0110257192408076,0.573739121709273,5
1,3,6,8,11,13,0.116137508928196,0.400292520100603,3
1,3,6,8,12,13,0.00882986517666532,0.483825798949698,5
1,3,6,9,10,11,0.363551501659883,0.396684624291759,1
1,3,6,9,10,12,0.0381678330355942,0.552569945889262,4
1,3,6,9,10,13,0.241736944920985,0.433000239481666,1
1,3,6,9,11,12,0.00588100113296016,0.519430655305231,6
1,3,6,9,11,13,0.0782774899306826,0.468881738327298,1
1,3,6,9,12,13,0.0226060328772426,0.514957556860777,4
1,3,6,10,11,12,0.00994512151288628,0.52429976340275,6
1,3,6,10,11,13,0.0860499412705935,0.412867899395816,3
1,3,6,10,12,13,0.00896608161193191,0.499285171542268,6
1,3,6,11,12,13,0.00770113973161739,0.365705466135437,6
1,3,7,8,9,10,0.181747221190675,0.630034181927536,2
1,3,7,8,9,11,0.243925964525343,0.574530436431235,2
1,3,7,8,9,12,0.12660742987762,0.72763022049673,1
1,3,7,8,9,13,0.0811480049526989,0.469809370727947,2
1,3,7,8,10,11,0.186708809794913,0.673780024968497,1
1,3,7,8,10,12,0.1180618002076,0.727503111480462,0
1,3,7,8,10,13,0.0695481685804434,0.567032751788563,2
1,3,7,8,11,12,0.00971249991620929,0.759679840925905,6
1,3,7,8,11,13,0.0387789024510554,0.407971216724534,3
1,3,7,8,12,13,0.0311641735315741,0.551162192429961,2
1,3,7,9,10,11,0.299008099879647,0.514224328166494,0
1,3,7,9,10,12,0.00368405281812229,0.7579078760705,5
1,3,7,9,10,13,0.135586787623526,0.435534371733892,1
1,3,7,9,11,12,0.0220668278729114,0.687424784995808,3
1,3,7,9,11,13,0.0529317084808212,0.470493193612463,1
1,3,7,9,12,13,0.0107365721304895,0.555457834324292,4
1,3,7,10,11,12,0.0488958786576202,0.644003714845211,2
1,3,7,10,11,13,0.165634645103718,0.422715371034783,1
1,3,7,10,12,13,0.0973918821995148,0.586184558064967,4
1,3,7,11,12,13,0.0327673186945114,0.692160307538686,4
1,3,8,9,10,11,0.405257203595872,0.382673192631702,1
1,3,8,9,10,12,0.0556790045165742,0.49673042255321,4
1,3,8,9,10,13,0.198436433045774,0.409507422475294,1
1,3,8,9,11,12,0.0168020909445245,0.608648955427482,5
1,3,8,9,11,13,0.0593163513421828,0.464584186190286,1
1,3,8,9,12,13,0.00815735079189358,0.512449498045089,4
1,3,8,10,11,12,0.00460343890214767,0.545659121814107,5
1,3,8,10,11,13,0.0297407828629412,0.403946116777885,4
1,3,8,10,12,13,0.0087046189549876,0.44643608029275,6
1,3,8,11,12,13,0.0243243960026081,0.446556260374129,5
1,3,9,10,11,12,0.00532474597418514,0.534702231497143,5
1,3,9,10,11,13,0.0842766180016352,0.462051463929815,1
1,3,9,10,12,13,0.00760524112403072,0.462495613179912,6
1,3,9,11,12,13,0.0367832521912479,0.46357724081231,4
1,3,10,11,12,13,0.00630535730898176,0.370125268070883,7
1,4,5,6,7,8,0.281190253463496,0.42859381116714,0
1,4,5,6,7,9,0.201979009579261,0.458423511616507,1
1,4,5,6,7,10,0.256925399209316,0.480314893290385,1
1,4,5,6,7,11,0.131481399291573,0.360166985757568,3
1,4,5,6,7,12,0.226516588598212,0.505635979774639,1
1,4,5,6,7,13,0.0452960234649322,0.448707523184588,4
1,4,5,6,8,9,0.377267305599875,0.417240546256676,1
1,4,5,6,8,10,0.373685095447973,0.434233368719187,1
1,4,5,6,8,11,0.149572567647577,0.375021224325217,3
1,4,5,6,8,12,0.403541190697029,0.383293855320127,0
1,4,5,6,8,13,0.155092518139976,0.397185396331051,3
1,4,5,6,9,10,0.307268349885783,0.573531414719595,0
1,4,5,6,9,11,0.380402703427701,0.461429048313071,0
1,4,5,6,9,12,0.31216154494345,0.448507501848939,0
1,4,5,6,9,13,0.215751762464517,0.541909720350411,2
1,4,5,6,10,11,0.143221498552189,0.49215357005945,3
1,4,5,6,10,12,0.340601188470388,0.450426235578568,1
1,4,5,6,10,13,0.350016033988687,0.55971789520096,1
1,4,5,6,11,12,0.00794684284670017,0.694328406067255,5
1,4,5,6,11,13,0.228599342040007,0.385561590509799,3
1,4,5,6,12,13,0.366557102985592,0.431817268313402,1
1,4,5,7,8,9,0.286348201506762,0.424997886573147,0
1,4,5,7,8,10,0.288251753759537,0.45602436663293,0
1,4,5,7,8,11,0.294722281784405,0.426041932742179,0
1,4,5,7,8,12,0.237576184490364,0.547579236542418,1
1,4,5,7,8,13,0.240376518009148,0.339584577080541,1
1,4,5,7,9,10,0.179539010122644,0.478111663728369,0
1,4,5,7,9,11,0.255778817186036,0.429850462320803,1
1,4,5,7,9,12,0.222054888908396,0.506801543678483,1
1,4,5,7,9,13,0.280229390768697,0.466738438671765,0
1,4,5,7,10,11,0.214494394011552,0.429577169399964,0
1,4,5,7,10,12,0.271836434475587,0.51092325502386,1
1,4,5,7,10,13,0.261332153626827,0.477331792384183,0
1,4,5,7,11,12,0.27578274653817,0.51851062666799,0
1,4,5,7,11,13,0.0576168652033399,0.569734900732329,4
1,4,5,7,12,13,0.223862167572947,0.505148135359897,1
1,4,5,8,9,10,0.36397106796755,0.44567315960811,0
1,4,5,8,9,11,0.409856809267689,0.345176965505959,0
1,4,5,8,9,12,0.413112032275181,0.387688253554326,0
1,4,5,8,9,13,0.23067986115782,0.324999984790891,2
1,4,5,8,10,11,0.402985237145871,0.357308991993821,1
1,4,5,8,10,12,0.0404188684343308,0.501762620107594,5
1,4,5,8,10,13,0.181574662628498,0.365076704896722,2
1,4,5,8,11,12,0.00550063502947082,0.673441066492942,6
1,4,5,8,11,13,0.189405609320056,0.317297754462601,2
1,4,5,8,12,13,0.03083888913654,0.440031569375718,5
1,4,5,9,10,11,0.325336558196485,0.475750315321958,1
1,4,5,9,10,12,0.0256145082572055,0.519449943381267,6
1,4,5,9,10,13,0.182964245221706,0.605897460940514,2
1,4,5,9,11,12,0.125808726420109,1.02061813749192,5
1,4,5,9,11,13,0.173095803988194,0.523573756112795,2
1,4,5,9,12,13,0.00537411089075218,0.503378030856235,7
1,4,5,10,11,12,0.377749554655072,0.394946670686532,1
1,4,5,10,11,13,0.219848855316461,0.404599726232184,2
1,4,5,10,12,13,0.369966462024768,0.449809366229307,0
1,4,5,11,12,13,0.00773524916239666,0.692239456767472,6
1,4,6,7,8,9,0.272126419283201,0.442942088496555,0
1,4,6,7,8,10,0.272924001224436,0.469689182826605,0
1,4,6,7,8,11,0.290580458002851,0.429579418803493,0
1,4,6,7,8,12,0.234079959978881,0.541767414580217,0
1,4,6,7,8,13,0.248187323218726,0.364278415107205,1
1,4,6,7,9,10,0.18670351738897,0.513589739038596,1
1,4,6,7,9,11,0.263420070541258,0.452682828723845,1
1,4,6,7,9,12,0.207986496485113,0.513543048022225,1
1,4,6,7,9,13,0.257817664929584,0.498336618002654,1
1,4,6,7,10,11,0.300621175546252,0.460193500120518,0
1,4,6,7,10,12,0.261699656550618,0.516527092298728,1
1,4,6,7,10,13,0.256761418749901,0.504309147364452,0
1,4,6,7,11,12,0.235122269266319,0.506793099866661,2
1,4,6,7,11,13,0.200795948834462,0.318278596583434,3
1,4,6,7,12,13,0.219708858049935,0.509853445649219,0
1,4,6,8,9,10,0.344539572386604,0.477942730246162,1
1,4,6,8,9,11,0.135625916801566,0.825274054376123,4
1,4,6,8,9,12,0.181002567178032,0.358332446673242,2
1,4,6,8,9,13,0.146346479940929,0.458678830394601,2
1,4,6,8,10,11,0.394838503275073,0.402104091478557,1
1,4,6,8,10,12,0.00887534859958354,0.73052788505921,4
1,4,6,8,10,13,0.13355077945492,0.726225034925398,3
1,4,6,8,11,12,0.00944130306875866,0.632588532817307,7
1,4,6,8,11,13,0.185968331729678,0.343932221322601,2
1,4,6,8,12,13,0.0125114520101349,0.562393734155914,6
1,4,6,9,10,11,0.347818812475914,0.524941859389572,0
1,4,6,9,10,12,0.327475220849386,0.488811808001659,1
1,4,6,9,10,13,0.293152276731435,0.606737311772416,1
1,4,6,9,11,12,0.00801381159533189,0.574042631603289,6
1,4,6,9,11,13,0.396194225395109,0.503378901248634,0
1,4,6,9,12,13,0.38822335699572,0.477758164168592,1
1,4,6,10,11,12,0.112763212395893,0.491690045577784,4
1,4,6,10,11,13,0.376123360678931,0.514256719318588,1
1,4,6,10,12,13,0.243008969176569,0.461533140523847,2
1,4,6,11,12,13,0.00854417059639145,0.536206276232624,6
1,4,7,8,9,10,0.265000420469668,0.471642927466925,0
1,4,7,8,9,11,0.300746051355637,0.43733851613125,0
1,4,7,8,9,12,0.248778311722796,0.540104064229972,0
1,4,7,8,9,13,0.204345275155428,0.32229747837925,1
1,4,7,8,10,11,0.29510343262202,0.451464642884226,1
1,4,7,8,10,12,0.275186532807215,0.548773471609902,0
1,4,7,8,10,13,0.238340793940136,0.378131849991195,2
1,4,7,8,11,12,0.224673937844913,0.575676293102923,1
1,4,7,8,11,13,0.116087191119307,0.419832143624611,3
1,4,7,8,12,13,0.226458966840719,0.484763694279068,1
1,4,7,9,10,11,0.215200356737967,0.460848438013733,1
1,4,7,9,10,12,0.257125154979257,0.518982088680948,1
1,4,7,9,10,13,0.271680772402081,0.503095752120266,0
1,4,7,9,11,12,0.257017290461974,0.515110787319179,0
1,4,7,9,11,13,0.332545806216027,0.443130934366178,0
1,4,7,9,12,13,0.252532698414956,0.513112670631687,0
1,4,7,10,11,12,0.261315872942584,0.527683582742891,1
1,4,7,10,11,13,0.00634141621852473,1.10309290259264,6
1,4,7,10,12,13,0.297051836454054,0.504426025053693,0
1,4,7,11,12,13,0.26247846678919,0.514268462673557,0
1,4,8,9,10,11,0.383141862229855,0.397410632386473,0
1,4,8,9,10,12,0.00565784148729449,0.637975929182811,5
1,4,8,9,10,13,0.235981741111762,0.364554254526555,1
1,4,8,9,11,12,0.00695667492928835,0.561974252243349,5
1,4,8,9,11,13,0.241153049998213,0.311644279648012,2
1,4,8,9,12,13,0.135247594424958,0.411175173422538,2
1,4,8,10,11,12,0.00742502268109063,0.794015740822252,6
1,4,8,10,11,13,0.198925048292462,0.347656889911298,2
1,4,8,10,12,13,0.190486357843063,0.385013143779065,4
1,4,8,11,12,13,0.120655222806613,0.414151659795248,2
1,4,9,10,11,12,0.0821575849993707,0.492273610731597,4
1,4,9,10,11,13,0.226649366440161,0.493343985743606,2
1,4,9,10,12,13,0.216508923137413,0.521262195478439,2
1,4,9,11,12,13,0.00843377249170628,0.537980169814304,6
1,4,10,11,12,13,0.120478838184684,0.410542000918984,4
1,5,6,7,8,9,0.303823501405265,0.431564537762829,1
1,5,6,7,8,10,0.243634918603519,0.436542386339965,2
1,5,6,7,8,11,0.320090857940996,0.417845474974596,1
1,5,6,7,8,12,0.231699765189394,0.535975297787518,1
1,5,6,7,8,13,0.0060022338005463,0.521654981289136,6
1,5,6,7,9,10,0.2175421543669,0.461907759848353,0
1,5,6,7,9,11,0.0182124661418606,0.611898685307185,4
1,5,6,7,9,12,0.222932252770199,0.501456085412261,0
1,5,6,7,9,13,0.0157680633622878,0.51837837974495,6
1,5,6,7,10,11,0.29286671681264,0.419176555896354,0
1,5,6,7,10,12,0.259579129280747,0.501963271463827,1
1,5,6,7,10,13,0.313680777899592,0.452092360198067,0
1,5,6,7,11,12,0.275006599449576,0.517414689392602,0
1,5,6,7,11,13,0.097067006511369,0.422453793168301,3
1,5,6,7,12,13,0.24931583340501,0.49477894312951,0
1,5,6,8,9,10,0.390217169903715,0.406170869568606,0
1,5,6,8,9,11,0.161871744661416,0.266946994033815,3
1,5,6,8,9,12,0.166634176427751,0.360201750288875,2
1,5,6,8,9,13,0.153231074783169,0.417672592494182,2
1,5,6,8,10,11,0.429407793454178,0.33189165615988,0
1,5,6,8,10,12,0.135145030482167,0.34359157161105,3
1,5,6,8,10,13,0.155343543261332,0.738957754426015,2
1,5,6,8,11,12,0.169681226701271,0.370811738063187,3
1,5,6,8,11,13,0.1823160675778,0.343194134315743,2
1,5,6,8,12,13,0.0675541047296157,0.510388003771053,2
1,5,6,9,10,11,0.357124507594893,0.450247536424655,0
1,5,6,9,10,12,0.333145893536419,0.42835965251764,1
1,5,6,9,10,13,0.357226864931754,0.53893485556596,1
1,5,6,9,11,12,0.385983492330957,0.362892263310156,1
1,5,6,9,11,13,0.221605898735419,0.368173623384513,3
1,5,6,9,12,13,0.389326525055924,0.419365130964546,0
1,5,6,10,11,12,0.118018439202736,0.376377945209924,5
1,5,6,10,11,13,0.425307686677923,0.441270769534594,0
1,5,6,10,12,13,0.388686773614004,0.420328876773923,0
1,5,6,11,12,13,0.171280830954802,0.349691800816143,4
1,5,7,8,9,10,0.180530097389492,0.421897660964717,2
1,5,7,8,9,11,0.253476348984059,0.341540507130544,1
1,5,7,8,9,12,0.217164671720558,0.511060072306016,1
1,5,7,8,9,13,0.205224292606109,0.316404159334888,1
1,5,7,8,10,11,0.322251698343284,0.442540594806779,0
1,5,7,8,10,12,0.247524644650971,0.548427500630356,0
1,5,7,8,10,13,0.25160860064015,0.354415281185792,2
1,5,7,8,11,12,0.237517462940012,0.586781331997083,1
1,5,7,8,11,13,0.0491016434093835,0.60747439906189,3
1,5,7,8,12,13,0.208667037623371,0.465375800373228,1
1,5,7,9,10,11,0.267515798539614,0.420068911087656,1
1,5,7,9,10,12,0.255522056954211,0.504143080495105,0
1,5,7,9,10,13,0.292686207268469,0.457961656104482,0
1,5,7,9,11,12,0.272124883908818,0.516872024339211,0
1,5,7,9,11,13,0.00543884010026947,0.753758233919445,5
1,5,7,9,12,13,0.253971258998186,0.503114461018562,1
1,5,7,10,11,12,0.174845067112404,0.514213592631442,2
1,5,7,10,11,13,0.00684464023157972,1.04963737991045,5
1,5,7,10,12,13,0.257744938478197,0.499998399594653,0
1,5,7,11,12,13,0.281519123765557,0.518242048757607,1
1,5,8,9,10,11,0.317306537085717,0.283639424883725,1
1,5,8,9,10,12,0.0707607853802875,0.396957081515649,2
1,5,8,9,10,13,0.237608740003728,0.339976511404708,1
1,5,8,9,11,12,0.0159832149803513,0.56301135421087,5
1,5,8,9,11,13,0.204993671420014,0.310351064515197,2
1,5,8,9,12,13,0.129513101512139,0.414061515126111,2
1,5,8,10,11,12,0.126314358407811,0.402390516645247,3
1,5,8,10,11,13,0.205251443327965,0.339876689228403,2
1,5,8,10,12,13,0.160631577293863,0.398713036086862,3
1,5,8,11,12,13,0.115045370624631,0.417400736926304,2
1,5,9,10,11,12,0.00713698126282021,0.507699577287236,6
1,5,9,10,11,13,0.204032248578728,0.445374392491437,3
1,5,9,10,12,13,0.0389927644401395,0.36708405979703,4
1,5,9,11,12,13,0.199404924235498,0.396700137998914,3
1,5,10,11,12,13,0.0759027373133629,0.33946463370602,4
1,6,7,8,9,10,0.207552103421361,0.424071931199732,2
1,6,7,8,9,11,0.249437646142898,0.345343535952681,1
1,6,7,8,9,12,0.234341657691435,0.5239620719324,1
1,6,7,8,9,13,0.21156506993974,0.327738680633128,1
1,6,7,8,10,11,0.312010950234318,0.442988281865228,1
1,6,7,8,10,12,0.246407052313965,0.541197817468639,0
1,6,7,8,10,13,0.188941952070512,0.550348511370824,2
1,6,7,8,11,12,0.241035388220846,0.572560033778664,1
1,6,7,8,11,13,0.124881141215124,0.415075646077367,2
1,6,7,8,12,13,0.0067278728530239,0.610972638698657,5
1,6,7,9,10,11,0.248808406685539,0.433545498214835,0
1,6,7,9,10,12,0.243254212455546,0.51042741559648,0
1,6,7,9,10,13,0.271968545758554,0.484380538527968,0
1,6,7,9,11,12,0.254363670993366,0.511806566983474,1
1,6,7,9,11,13,0.0219823921579461,0.519736785182008,4
1,6,7,9,12,13,0.248769537472358,0.502220981825698,0
1,6,7,10,11,12,0.231677698433871,0.531158244442734,1
1,6,7,10,11,13,0.0319169502935211,0.828790208019431,6
1,6,7,10,12,13,0.244069737972491,0.497259923592819,0
1,6,7,11,12,13,0.269024562202287,0.50650312421226,1
1,6,8,9,10,11,0.389067396607651,0.364603219767715,1
1,6,8,9,10,12,0.158953713798914,0.336522079426211,2
1,6,8,9,10,13,0.13837787752106,0.711780208197825,2
1,6,8,9,11,12,0.0436538553398078,0.50033534206666,6
1,6,8,9,11,13,0.210690546497455,0.329807871410265,2
1,6,8,9,12,13,0.0286818608358332,0.604724194450938,4
1,6,8,10,11,12,0.274802876519299,0.361258800780264,3
1,6,8,10,11,13,0.235303914074024,0.691711078694835,2
1,6,8,10,12,13,0.109184624781908,0.488718923182,3
1,6,8,11,12,13,0.0340783536101029,0.679853418243034,5
1,6,9,10,11,12,0.363584348535831,0.40516639801812,0
1,6,9,10,11,13,0.407847278857158,0.492926972184654,1
1,6,9,10,12,13,0.355273584941388,0.462141946534396,0
1,6,9,11,12,13,0.146616032742711,0.993196733132081,1
1,6,10,11,12,13,0.209546809234947,0.345624401446958,3
1,7,8,9,10,11,0.306629406225521,0.442267808138356,1
1,7,8,9,10,12,0.248917531998852,0.540488155771003,0
1,7,8,9,10,13,0.0638005487759605,0.5489555300392,3
1,7,8,9,11,12,0.227256733427966,0.550729722083223,1
1,7,8,9,11,13,0.151993631552133,0.394753866287368,2
1,7,8,9,12,13,0.205867213662279,0.443413711641153,1
1,7,8,10,11,12,0.275786340081989,0.577169839713609,1
1,7,8,10,11,13,0.00487697783286573,0.851717483835038,5
1,7,8,10,12,13,0.296727258811679,0.543377365295077,0
1,7,8,11,12,13,0.227333995436821,0.484801807536319,1
1,7,9,10,11,12,0.229072967717092,0.531245287103895,1
1,7,9,10,11,13,0.0072020964701445,1.0830606836649,6
1,7,9,10,12,13,0.00550071706203321,0.402786800587136,6
1,7,9,11,12,13,0.264888156585273,0.502134064799555,1
1,7,10,11,12,13,0.168623274215156,0.433501453943659,3
1,8,9,10,11,12,0.0622241323154055,0.436076560856392,4
1,8,9,10,11,13,0.21548761576212,0.330361318089359,2
1,8,9,10,12,13,0.0146649384096576,0.400113611784651,4
1,8,9,11,12,13,0.0391390880729441,0.433477202000453,6
1,8,10,11,12,13,0.135327060666148,0.373506891890482,3
1,9,10,11,12,13,0.00716682708367321,0.41981748787928,5
2,3,4,5,6,7,0.0211092633746671,0.58992112730375,6
2,3,4,5,6,8,0.199058842428034,0.407337024373152,2
2,3,4,5,6,9,0.313424203254994,0.425752777875888,2
2,3,4,5,6,10,0.00804408670432509,0.810074980688769,7
2,3,4,5,6,11,0.128637034751476,0.329544818092984,3
2,3,4,5,6,12,0.00824106557538759,0.537302445076118,5
2,3,4,5,6,13,0.106027264529875,0.419689429037459,4
2,3,4,5,7,8,0.247057706430521,0.562505690122457,1
2,3,4,5,7,9,0.235287544317744,0.492059809685046,2
2,3,4,5,7,10,0.258233433594802,0.519372986976569,1
2,3,4,5,7,11,0.232265491271906,0.478096123831379,2
2,3,4,5,7,12,0.027789491352069,0.657334863951499,3
2,3,4,5,7,13,0.219746982706811,0.449961801431005,1
2,3,4,5,8,9,0.137023371784283,0.48654712861841,2
2,3,4,5,8,10,0.02933112767665,0.704392702642151,3
2,3,4,5,8,11,0.118988789969082,0.441431715444661,4
2,3,4,5,8,12,0.00978219762451715,0.565279685530599,6
2,3,4,5,8,13,0.0273385683644559,0.590277435485153,5
2,3,4,5,9,10,0.0665272498171904,0.631118490919926,3
2,3,4,5,9,11,0.128498138754596,0.432069014142533,3
2,3,4,5,9,12,0.229330478235433,0.473647613115216,2
2,3,4,5,9,13,0.0173726707370329,0.56741015392889,4
2,3,4,5,10,11,0.122865140166194,0.528022753318194,3
2,3,4,5,10,12,0.00811331448686045,0.78270349798334,5
2,3,4,5,10,13,0.0107684972495388,0.536123798756683,6
2,3,4,5,11,12,0.0065289157951728,0.632312459049934,7
2,3,4,5,11,13,0.0930511991951122,0.436207168588762,4
2,3,4,5,12,13,0.00884033870123605,0.515663494101211,6
2,3,4,6,7,8,0.227253577340195,0.55656899438151,2
2,3,4,6,7,9,0.226072082622177,0.501470964628984,2
2,3,4,6,7,10,0.066667252422836,0.833779458427324,6
2,3,4,6,7,11,0.00448334499459046,0.636340987200899,6
2,3,4,6,7,12,0.130019711835425,0.669179505247771,2
2,3,4,6,7,13,0.00928846704984749,0.42000183832966,5
2,3,4,6,8,9,0.214145477408402,0.41554139720727,2
2,3,4,6,8,10,0.384564717635313,0.425017594619644,0
2,3,4,6,8,11,0.00406977811666196,0.599948308427249,5
2,3,4,6,8,12,0.324183864183572,0.489020431959453,1
2,3,4,6,8,13,0.00655559853128692,0.457692397511177,5
2,3,4,6,9,10,0.345173666576906,0.498157269854739,0
2,3,4,6,9,11,0.00756720225134875,0.461022302627511,5
2,3,4,6,9,12,0.219180525066882,0.483075882052012,3
2,3,4,6,9,13,0.0364768923378856,0.524044141227143,4
2,3,4,6,10,11,0.315478526694641,0.364469611169678,1
2,3,4,6,10,12,0.0866745029446802,0.548584931625598,5
2,3,4,6,10,13,0.321527821717648,0.432836577146202,1
2,3,4,6,11,12,0.0101090494692094,0.485242493210069,5
2,3,4,6,11,13,0.00765250876909788,0.524120435663087,6
2,3,4,6,12,13,0.00854602543071067,0.487396721414499,6
2,3,4,7,8,9,0.231430720444446,0.537368448463421,1
2,3,4,7,8,10,0.232800376754096,0.601346980000838,1
2,3,4,7,8,11,0.247367046079722,0.586115424044193,1
2,3,4,7,8,12,0.0931214618955683,0.71752094647379,0
2,3,4,7,8,13,0.0407505161102061,0.506014139086725,6
2,3,4,7,9,10,0.243404000882527,0.522542274064171,0
2,3,4,7,9,11,0.206182132685456,0.465386601086702,2
2,3,4,7,9,12,0.0595667265821236,0.702292783604688,4
2,3,4,7,9,13,0.00471951687865276,0.591956529581998,7
2,3,4,7,10,11,0.269356766671643,0.515174218972753,1
2,3,4,7,10,12,0.201690289364316,0.63724279765604,0
2,3,4,7,10,13,0.287288764440656,0.515087065108935,0
2,3,4,7,11,12,0.181149601228676,0.681061891223056,1
2,3,4,7,11,13,0.01212666398386,0.518176279447132,6
2,3,4,7,12,13,0.00875703948019313,0.540555911504098,5
2,3,4,8,9,10,0.38719201965257,0.439304354665088,0
2,3,4,8,9,11,0.122798713669727,0.467038448645516,2
2,3,4,8,9,12,0.277670385645268,0.489237768606401,1
2,3,4,8,9,13,0.0305797606970429,0.539003685075155,4
2,3,4,8,10,11,0.407330101335786,0.401105076968004,1
2,3,4,8,10,12,0.350760504338916,0.498376472334975,0
2,3,4,8,10,13,0.339830141899741,0.400136761172186,1
2,3,4,8,11,12,0.275885016483206,0.51563072644697,2
2,3,4,8,11,13,0.0249254954257427,0.443738891346062,4
2,3,4,8,12,13,0.00869491423624564,0.472290872260136,6
2,3,4,9,10,11,0.185539314334406,0.389092598192448,2
2,3,4,9,10,12,0.225911544787102,0.470549113292112,2
2,3,4,9,10,13,0.00736133116225626,0.571139479356208,5
2,3,4,9,11,12,0.0196557029423962,0.622854394818792,5
2,3,4,9,11,13,0.0376564433596383,0.496105211390335,4
2,3,4,9,12,13,0.00860332531960926,0.538499150336705,6
2,3,4,10,11,12,0.0137604149829909,0.607215465669229,6
2,3,4,10,11,13,0.123969763849686,0.427002811375865,2
2,3,4,10,12,13,0.013498743630719,0.518880119364226,6
2,3,4,11,12,13,0.00919058507120851,0.507885335167115,6
2,3,5,6,7,8,0.00432704738302293,1.43820809638007,6
2,3,5,6,7,9,0.0759289755259836,1.12945738977576,4
2,3,5,6,7,10,0.0627038557115597,0.786620292317507,5
2,3,5,6,7,11,0.00596657068672469,0.720346429874139,6
2,3,5,6,7,12,0.00532172674442649,0.649544675338205,6
2,3,5,6,7,13,0.178212197758247,0.444567207416424,2
2,3,5,6,8,9,0.285099220192931,0.411569999811273,1
2,3,5,6,8,10,0.358519290792884,0.383841905928765,2
2,3,5,6,8,11,0.381947042257965,0.365742258485176,1
2,3,5,6,8,12,0.00556113621628175,0.591620806747045,5
2,3,5,6,8,13,0.0971122676310118,0.374607614809963,4
2,3,5,6,9,10,0.076471832634215,0.602932924251727,5
2,3,5,6,9,11,0.347779478886987,0.369893756070682,2
2,3,5,6,9,12,0.164863413087914,0.503468587155706,4
2,3,5,6,9,13,0.174652623874831,0.416689900532239,2
2,3,5,6,10,11,0.154252778085241,0.321790850255707,3
2,3,5,6,10,12,0.0410730355563135,0.552540842993145,5
2,3,5,6,10,13,0.0698526165649256,0.499815799735256,6
2,3,5,6,11,12,0.0110282899965411,0.510537789115608,5
2,3,5,6,11,13,0.0986957855350668,0.349845986400209,4
2,3,5,6,12,13,0.00939153647036852,0.536281272528531,6
2,3,5,7,8,9,0.244437856021765,0.563214037782585,2
2,3,5,7,8,10,0.169405443475844,0.653711442529158,1
2,3,5,7,8,11,0.263312358802249,0.60371507047956,0
2,3,5,7,8,12,0.0990907974576787,0.737257988839018,1
2,3,5,7,8,13,0.0647960596354639,0.505835156409491,2
2,3,5,7,9,10,0.282071570099278,0.511368296719261,0
2,3,5,7,9,11,0.291001696431006,0.514035035349737,0
2,3,5,7,9,12,0.00216505837879442,0.68258272452119,6
2,3,5,7,9,13,0.175071817233229,0.441632863811051,2
2,3,5,7,10,11,0.27875048961153,0.511830284077032,1
2,3,5,7,10,12,0.0701686544022449,0.651248277590241,4
2,3,5,7,10,13,0.305020626069813,0.512871744821709,1
2,3,5,7,11,12,0.0166000787425075,0.719440791697866,7
2,3,5,7,11,13,0.222538287346045,0.436668898753432,1
2,3,5,7,12,13,0.00584080801678631,0.602432457885893,5
2,3,5,8,9,10,0.327462257475445,0.413755910930926,1
2,3,5,8,9,11,0.36797901389452,0.372046541020602,2
2,3,5,8,9,12,0.00369021131438904,0.578670600579463,6
2,3,5,8,9,13,0.0816588841653966,0.450898232651271,3
2,3,5,8,10,11,0.415983435441665,0.379176317276673,1
2,3,5,8,10,12,0.0100323131884405,0.595623871419561,5
2,3,5,8,10,13,0.00982292371166663,0.575506982838136,6
2,3,5,8,11,12,0.0085180995070553,0.641223098215773,6
2,3,5,8,11,13,0.0565802673596661,0.432016450829886,4
2,3,5,8,12,13,0.00569963579275515,0.480273494275928,6
2,3,5,9,10,11,0.0847544943135196,0.569452590267044,3
2,3,5,9,10,12,0.0983311417498265,0.492470642259138,4
2,3,5,9,10,13,0.00757593920579636,0.605254358403927,6
2,3,5,9,11,12,0.00679918365254772,0.675653711007519,6
2,3,5,9,11,13,0.110413866584504,0.427480476581823,2
2,3,5,9,12,13,0.0367001603188045,0.500798787695583,6
2,3,5,10,11,12,0.0463547834388637,0.565643576731563,5
2,3,5,10,11,13,0.148098138191667,0.39082150167463,2
2,3,5,10,12,13,0.114283183349306,0.445222008706188,4
2,3,5,11,12,13,0.00715929795313829,0.528948054190141,6
2,3,6,7,8,9,0.0560029229343244,0.917648724454852,3
2,3,6,7,8,10,0.00352237071074334,1.02652260129062,6
2,3,6,7,8,11,0.257942611737826,0.589340980019616,0
2,3,6,7,8,12,0.0292039092384643,0.788681077527642,4
2,3,6,7,8,13,0.0632225367227321,0.563454261770369,3
2,3,6,7,9,10,0.0496257807181625,0.901119851371173,5
2,3,6,7,9,11,0.0164620235941522,0.888866130996786,5
2,3,6,7,9,12,0.00338127474355369,0.677624730564082,5
2,3,6,7,9,13,0.193501250623233,0.449972494611844,2
2,3,6,7,10,11,0.0119178939444397,0.851649348597206,4
2,3,6,7,10,12,0.0433541231299775,0.670952600495225,4
2,3,6,7,10,13,0.163015770698701,0.707019701994738,2
2,3,6,7,11,12,0.0284112295228291,0.614806463889154,5
2,3,6,7,11,13,0.0293722090210197,0.516554309581999,5
2,3,6,7,12,13,0.0615576382345003,0.589775192543173,4
2,3,6,8,9,10,0.322638561380082,0.425742805556916,1
2,3,6,8,9,11,0.0045251800229365,0.658754925811901,6
2,3,6,8,9,12,0.262318686575848,0.473805888119083,1
2,3,6,8,9,13,0.15916699887623,0.386273539437637,3
2,3,6,8,10,11,0.352189381727258,0.37601259420604,2
2,3,6,8,10,12,0.340740936439073,0.49202934007426,1
2,3,6,8,10,13,0.342103790716312,0.400498979236598,2
2,3,6,8,11,12,0.00896900699050645,0.493729727638438,5
2,3,6,8,11,13,0.0923932150868512,0.394909409248005,3
2,3,6,8,12,13,0.0609224251065246,0.44454525993278,4
2,3,6,9,10,11,0.00872501262388849,0.45029189131322,6
2,3,6,9,10,12,0.00837111740772149,0.643929633665915,5
2,3,6,9,10,13,0.196380863244699,0.418426497458475,2
2,3,6,9,11,12,0.0100164764162688,0.486340918580088,5
2,3,6,9,11,13,0.102191163169226,0.433846913536156,2
2,3,6,9,12,13,0.0409323138022611,0.551964399079269,6
2,3,6,10,11,12,0.0106086345883232,0.489355224690868,6
2,3,6,10,11,13,0.207895115580204,0.382057138249168,1
2,3,6,10,12,13,0.00983924641846561,0.523918443096148,6
2,3,6,11,12,13,0.0106610280171339,0.486080715405508,5
2,3,7,8,9,10,0.164982218707174,0.647115116316258,1
2,3,7,8,9,11,0.25536992566616,0.587490133963577,0
2,3,7,8,9,12,0.109507505194513,0.722776196640042,0
2,3,7,8,9,13,0.0682344019012622,0.487526451870091,2
2,3,7,8,10,11,0.166714221690582,0.667311411454759,1
2,3,7,8,10,12,0.100657136856461,0.721457173319986,1
2,3,7,8,10,13,0.025272603540954,0.619971264316626,4
2,3,7,8,11,12,0.0532098938724114,0.780492810379329,0
2,3,7,8,11,13,0.291894090349859,0.577292482095077,0
2,3,7,8,12,13,0.0113109114074428,0.523231221498406,5
2,3,7,9,10,11,0.274050227784184,0.513328840610315,0
2,3,7,9,10,12,0.201939827431865,0.628601396485933,1
2,3,7,9,10,13,0.299478025509862,0.517386828982001,0
2,3,7,9,11,12,0.0152991810969899,0.695649981623595,4
2,3,7,9,11,13,0.163218022774162,0.421176788889724,1
2,3,7,9,12,13,0.00437801196563371,0.585850489504859,5
2,3,7,10,11,12,0.0458927097318024,0.635785880138238,2
2,3,7,10,11,13,0.325838684931273,0.508633597897847,0
2,3,7,10,12,13,0.0809412724955456,0.595896612637061,4
2,3,7,11,12,13,0.0434774143892717,0.644565104041373,6
2,3,8,9,10,11,0.354077285078067,0.381162470057143,1
2,3,8,9,10,12,0.0805892451405436,0.486430486895194,5
2,3,8,9,10,13,0.300182470770707,0.398649794761465,1
2,3,8,9,11,12,0.286992400934607,0.513989063006462,2
2,3,8,9,11,13,0.118785401871983,0.402357152785153,2
2,3,8,9,12,13,0.019882721238654,0.479137000393099,5
2,3,8,10,11,12,0.00714604062839767,0.550078215017025,5
2,3,8,10,11,13,0.352551188392499,0.376211117431829,1
2,3,8,10,12,13,0.00706078972930764,0.447219840457108,5
2,3,8,11,12,13,0.00536721024639586,0.454846346959352,6
2,3,9,10,11,12,0.0151272372679273,0.566920018658925,6
2,3,9,10,11,13,0.145705933746689,0.415447933245308,1
2,3,9,10,12,13,0.0349505736980905,0.47332076105517,5
2,3,9,11,12,13,0.0382255897639476,0.473751755043005,5
2,3,10,11,12,13,0.00632323309771561,0.348377620937945,6
2,4,5,6,7,8,0.271553312664375,0.444338389690393,1
2,4,5,6,7,9,0.207854952618407,0.489471959711119,0
2,4,5,6,7,10,0.270003305499606,0.498615824094546,0
2,4,5,6,7,11,0.259653690293427,0.444624991447814,1
2,4,5,6,7,12,0.231131735061855,0.512431467743883,0
2,4,5,6,7,13,0.284505200610227,0.474019952230276,1
2,4,5,6,8,9,0.359977633994076,0.45661362381954,0
2,4,5,6,8,10,0.00640218641744936,0.992062809346473,6
2,4,5,6,8,11,0.159490267503945,0.402358807282681,3
2,4,5,6,8,12,0.373094982788859,0.395652499216881,1
2,4,5,6,8,13,0.184046919926938,0.392179039722538,1
2,4,5,6,9,10,0.316893033373582,0.59984470388867,1
2,4,5,6,9,11,0.131941125734074,0.4297918602173,3
2,4,5,6,9,12,0.296193325743785,0.459185130129351,0
2,4,5,6,9,13,0.327076196220305,0.569895210130317,1
2,4,5,6,10,11,0.0796075788439431,0.654839034674857,4
2,4,5,6,10,12,0.34565914253039,0.474794090195533,0
2,4,5,6,10,13,0.168999645940376,0.54942022061611,3
2,4,5,6,11,12,0.108766789806191,0.477724032761222,3
2,4,5,6,11,13,0.182430465426645,0.411760878381104,3
2,4,5,6,12,13,0.0259018079597618,0.391562181294914,6
2,4,5,7,8,9,0.256146834064279,0.4527881380577,0
2,4,5,7,8,10,0.127731060874138,0.673397725226693,3
2,4,5,7,8,11,0.282770217890704,0.430368782123133,0
2,4,5,7,8,12,0.223956102681449,0.554940617739115,0
2,4,5,7,8,13,0.231605099364995,0.36622858316691,1
2,4,5,7,9,10,0.22799775723336,0.505401798230502,0
2,4,5,7,9,11,0.198010410386963,0.437333434511132,0
2,4,5,7,9,12,0.226723593922194,0.513954211596217,0
2,4,5,7,9,13,0.235121775518683,0.477806614253755,1
2,4,5,7,10,11,0.250235170051192,0.462057564395208,0
2,4,5,7,10,12,0.17644334996181,0.649774805457445,2
2,4,5,7,10,13,0.268455853562912,0.490398396867741,0
2,4,5,7,11,12,0.272019652056799,0.520406631605716,0
2,4,5,7,11,13,0.309980594580662,0.437874581078946,0
2,4,5,7,12,13,0.226837269991967,0.511801149256999,1
2,4,5,8,9,10,0.346042741075361,0.465258901009776,0
2,4,5,8,9,11,0.392099352485779,0.367959852272124,0
2,4,5,8,9,12,0.389020422578068,0.399625603280542,0
2,4,5,8,9,13,0.202336473195917,0.353719040223788,1
2,4,5,8,10,11,0.394747909680915,0.382928753631322,0
2,4,5,8,10,12,0.381856729019911,0.409135715873114,0
2,4,5,8,10,13,0.236300901219055,0.408529439935772,1
2,4,5,8,11,12,0.350797427363236,0.369543730871932,1
2,4,5,8,11,13,0.186488573643597,0.347600163015584,2
2,4,5,8,12,13,0.00939225794387587,0.509113750116102,6
2,4,5,9,10,11,0.293655366456825,0.504399035210991,1
2,4,5,9,10,12,0.321376455676663,0.475588887750397,0
2,4,5,9,10,13,0.310724682968205,0.593887293856949,0
2,4,5,9,11,12,0.328918777363062,0.40251822691441,0
2,4,5,9,11,13,0.201153579176352,0.394330517008578,2
2,4,5,9,12,13,0.338943000063499,0.454978874524579,0
2,4,5,10,11,12,0.356544081539052,0.413503734817155,0
2,4,5,10,11,13,0.212290961737605,0.454115943702612,2
2,4,5,10,12,13,0.355846549477621,0.469329644724826,0
2,4,5,11,12,13,0.00533127133775172,0.457002997905704,6
2,4,6,7,8,9,0.244908448490541,0.45940640181685,0
2,4,6,7,8,10,0.249242452918969,0.515568705098679,1
2,4,6,7,8,11,0.280179245612249,0.438613611099382,0
2,4,6,7,8,12,0.221958288829754,0.551773219418995,0
2,4,6,7,8,13,0.199351737071724,0.371901546592409,1
2,4,6,7,9,10,0.218916577949904,0.532412202797614,0
2,4,6,7,9,11,0.269052149358881,0.466738189944607,0
2,4,6,7,9,12,0.215003826512845,0.521599293815678,0
2,4,6,7,9,13,0.22858772296288,0.509596319903375,0
2,4,6,7,10,11,0.309318052874296,0.476418025978719,1
2,4,6,7,10,12,0.218247387291253,0.61565048431459,2
2,4,6,7,10,13,0.265400674132188,0.520746427314589,0
2,4,6,7,11,12,0.263527438605201,0.513628447034647,1
2,4,6,7,11,13,0.195241260460675,0.332230440809848,3
2,4,6,7,12,13,0.215470929046041,0.513741920757934,0
2,4,6,8,9,10,0.328963822853676,0.502155584406077,0
2,4,6,8,9,11,0.180200533902361,0.338305383604641,2
2,4,6,8,9,12,0.376652415071815,0.42325270462571,0
2,4,6,8,9,13,0.214773255081849,0.393095967325685,1
2,4,6,8,10,11,0.401733567121234,0.432146346276689,0
2,4,6,8,10,12,0.060698312083889,0.513290715172556,4
2,4,6,8,10,13,0.191303229315153,0.440756985354041,2
2,4,6,8,11,12,0.345289889987122,0.386941614389432,2
2,4,6,8,11,13,0.183513526493647,0.384292991418393,1
2,4,6,8,12,13,0.00968150726768155,0.51561843868723,7
2,4,6,9,10,11,0.35182780430622,0.55141655140662,0
2,4,6,9,10,12,0.300353008733619,0.510742355148633,0
2,4,6,9,10,13,0.297784797755622,0.635947489334109,1
2,4,6,9,11,12,0.381347442346263,0.433661152399378,1
2,4,6,9,11,13,0.199683428132223,0.392899205470544,3
2,4,6,9,12,13,0.329829775324713,0.48807532182577,1
2,4,6,10,11,12,0.332329537119529,0.458580639099056,1
2,4,6,10,11,13,0.218423901571822,0.490577525094944,2
2,4,6,10,12,13,0.00845204270346403,0.46388832887796,5
2,4,6,11,12,13,0.351955493910295,0.425865832187863,1
2,4,7,8,9,10,0.0999912467456065,0.705360706959227,3
2,4,7,8,9,11,0.26756083269676,0.443947692041681,0
2,4,7,8,9,12,0.217427936769089,0.54980279224913,1
2,4,7,8,9,13,0.241634439051001,0.375856044004525,1
2,4,7,8,10,11,0.311627032492516,0.470351722922064,1
2,4,7,8,10,12,0.133085186039238,0.652980186954308,3
2,4,7,8,10,13,0.0078404410631069,0.665553264956462,7
2,4,7,8,11,12,0.22194955653045,0.578747721534752,1
2,4,7,8,11,13,0.20352315055861,0.325950178316437,2
2,4,7,8,12,13,0.258849164213529,0.539334276227925,1
2,4,7,9,10,11,0.231937040624702,0.485305228836935,0
2,4,7,9,10,12,0.175037274963312,0.641155366758461,2
2,4,7,9,10,13,0.232099681043886,0.538619694968933,0
2,4,7,9,11,12,0.255630571474897,0.519879962988942,1
2,4,7,9,11,13,0.273015577626556,0.455129499233522,0
2,4,7,9,12,13,0.209008768873681,0.521370774429905,0
2,4,7,10,11,12,0.114002231453406,0.721349192515839,2
2,4,7,10,11,13,0.293772600776411,0.467514145799873,1
2,4,7,10,12,13,0.197393225787127,0.651402309475471,2
2,4,7,11,12,13,0.258572762938473,0.518016567590714,1
2,4,8,9,10,11,0.366514302768789,0.432242328968665,1
2,4,8,9,10,12,0.366451921229809,0.438849191494904,0
2,4,8,9,10,13,0.238120064771643,0.416743268484719,1
2,4,8,9,11,12,0.395096009990245,0.39146412281248,1
2,4,8,9,11,13,0.202677110891008,0.338022449690129,2
2,4,8,9,12,13,0.187080230671554,0.386206250815694,2
2,4,8,10,11,12,0.00818157371032018,0.663304011593572,6
2,4,8,10,11,13,0.205491560456377,0.388465279197169,1
2,4,8,10,12,13,0.0580650222838133,0.410531812262329,4
2,4,8,11,12,13,0.155773432979757,0.394629238786489,2
2,4,9,10,11,12,0.340900902514999,0.448393261567895,0
2,4,9,10,11,13,0.33919950941906,0.545489671879919,0
2,4,9,10,12,13,0.334908030252571,0.509917989180362,0
2,4,9,11,12,13,0.354084073349484,0.432419189379524,0
2,4,10,11,12,13,0.0249464506870214,0.476810552223297,5
2,5,6,7,8,9,0.286857103099926,0.431021863860165,0
2,5,6,7,8,10,0.179395310666009,0.542567991303159,3
2,5,6,7,8,11,0.312986548918624,0.429417312904139,1
2,5,6,7,8,12,0.244940765363523,0.55024960647114,0
2,5,6,7,8,13,0.211667636915388,0.356169098534588,1
2,5,6,7,9,10,0.257062418122423,0.48268156168598,1
2,5,6,7,9,11,0.266450837284674,0.426798317627571,1
2,5,6,7,9,12,0.216362744319066,0.50790296740059,0
2,5,6,7,9,13,0.289782966127224,0.457939472621926,1
2,5,6,7,10,11,0.301209308095695,0.435653850726234,0
2,5,6,7,10,12,0.252499601250907,0.510396897018592,1
2,5,6,7,10,13,0.321852743769924,0.467467328756172,0
2,5,6,7,11,12,0.267338933368044,0.517336927593058,0
2,5,6,7,11,13,0.172949110704271,0.367489755152363,3
2,5,6,7,12,13,0.254008338286104,0.499030792432038,1
2,5,6,8,9,10,0.378685247001406,0.435532171832978,0
2,5,6,8,9,11,0.164910855744808,0.299263125196405,3
2,5,6,8,9,12,0.211521216249318,0.355929637805095,1
2,5,6,8,9,13,0.207400138913624,0.36839826237963,1
2,5,6,8,10,11,0.424239926243835,0.358998969965051,1
2,5,6,8,10,12,0.182933870651698,0.360589979734582,3
2,5,6,8,10,13,0.211946134643032,0.440817669454839,2
2,5,6,8,11,12,0.264397486440575,0.36134278160843,2
2,5,6,8,11,13,0.198468217254497,0.376049877910984,1
2,5,6,8,12,13,0.0728835421793847,0.483542822730988,2
2,5,6,9,10,11,0.163516100701271,0.447075179962889,4
2,5,6,9,10,12,0.318004654173061,0.447088925990574,0
2,5,6,9,10,13,0.170720498545709,0.556778901621028,2
2,5,6,9,11,12,0.386116633236719,0.381694083665501,0
2,5,6,9,11,13,0.192955529840387,0.32906146346106,3
2,5,6,9,12,13,0.373283994683159,0.432464153523064,1
2,5,6,10,11,12,0.130832006694167,0.426105358801691,4
2,5,6,10,11,13,0.195459169937254,0.487223224423475,3
2,5,6,10,12,13,0.185655828271079,0.41716909983257,3
2,5,6,11,12,13,0.238217135070675,0.364146845165305,3
2,5,7,8,9,10,0.201537164640907,0.546311103367519,1
2,5,7,8,9,11,0.29972824092657,0.431618481896618,0
2,5,7,8,9,12,0.219509403468725,0.535732149572697,1
2,5,7,8,9,13,0.133263713972437,0.384153675333759,3
2,5,7,8,10,11,0.304968597921307,0.474327381829042,1
2,5,7,8,10,12,0.252859897448929,0.554628420575311,0
2,5,7,8,10,13,0.0304111573260616,0.650604164276846,5
2,5,7,8,11,12,0.227375094317655,0.587965883972732,1
2,5,7,8,11,13,0.0604234540769946,0.509410146928398,3
2,5,7,8,12,13,0.079483535058688,0.502227152397508,3
2,5,7,9,10,11,0.264723815409079,0.442908859862293,0
2,5,7,9,10,12,0.237301134700063,0.514232068180175,1
2,5,7,9,10,13,0.273459006188509,0.471002273507984,1
2,5,7,9,11,12,0.252130026496603,0.519192804406847,1
2,5,7,9,11,13,0.22029139752973,0.319360476726971,2
2,5,7,9,12,13,0.237266205224751,0.512146083906103,1
2,5,7,10,11,12,0.181207074405891,0.550013803937285,1
2,5,7,10,11,13,0.173058173296868,0.360068603041381,3
2,5,7,10,12,13,0.260620119644668,0.507996392270005,0
2,5,7,11,12,13,0.270048774643483,0.517977367022773,0
2,5,8,9,10,11,0.407255353639131,0.3613996768942,1
2,5,8,9,10,12,0.124107612376973,0.353708672956674,3
2,5,8,9,10,13,0.211308459640825,0.374793374825612,1
2,5,8,9,11,12,0.172679797586856,0.370572466178311,3
2,5,8,9,11,13,0.191264521933054,0.33028916782387,2
2,5,8,9,12,13,0.103971699012486,0.417791254532007,2
2,5,8,10,11,12,0.155821093329497,0.392849730332687,3
2,5,8,10,11,13,0.185392106955043,0.381326390486511,2
2,5,8,10,12,13,0.125028209880135,0.385664653997897,4
2,5,8,11,12,13,0.0983733852997719,0.418760114835028,2
2,5,9,10,11,12,0.115121758405011,0.398961183844572,4
2,5,9,10,11,13,0.214572438605555,0.413856796784374,2
2,5,9,10,12,13,0.0537629837593726,0.372773102631958,5
2,5,9,11,12,13,0.391301867148624,0.37755464461746,0
2,5,10,11,12,13,0.0227413204245282,0.382712042442203,5
2,6,7,8,9,10,0.2157271981624,0.539684131373356,1
2,6,7,8,9,11,0.296311640175485,0.434776749213681,0
2,6,7,8,9,12,0.23813298678968,0.541577909849948,1
2,6,7,8,9,13,0.200077629463073,0.349487163360854,1
2,6,7,8,10,11,0.300009209663235,0.479413783714078,1
2,6,7,8,10,12,0.249711976267453,0.547530324106611,1
2,6,7,8,10,13,0.0071628600358172,0.622398350936597,6
2,6,7,8,11,12,0.240926682464311,0.597779125637242,1
2,6,7,8,11,13,0.0924147850352313,0.46487093478401,3
2,6,7,8,12,13,0.0732883598870861,0.518642746112057,3
2,6,7,9,10,11,0.259153284380972,0.462508395780723,1
2,6,7,9,10,12,0.228156771598535,0.520721535468541,1
2,6,7,9,10,13,0.2695751051401,0.501539240110059,0
2,6,7,9,11,12,0.249285333611452,0.514798880301719,0
2,6,7,9,11,13,0.317790088854696,0.439288648335908,1
2,6,7,9,12,13,0.221449495276553,0.510190487185056,0
2,6,7,10,11,12,0.230953480353463,0.533072658918051,1
2,6,7,10,11,13,0.350406254522719,0.450539716015544,0
2,6,7,10,12,13,0.249556902346692,0.50837360608948,0
2,6,7,11,12,13,0.268326740037779,0.509914371939556,0
2,6,8,9,10,11,0.39678848699095,0.398744035852852,0
2,6,8,9,10,12,0.292719754528583,0.387861595187556,1
2,6,8,9,10,13,0.129274140764556,0.485570005992281,3
2,6,8,9,11,12,0.0770155267159032,0.487189882770208,4
2,6,8,9,11,13,0.196997971436114,0.360948751371008,2
2,6,8,9,12,13,0.0848637286575438,0.475520234460524,2
2,6,8,10,11,12,0.269196547463694,0.374492060140163,2
2,6,8,10,11,13,0.253703953389731,0.401035259948027,1
2,6,8,10,12,13,0.0586925427478509,0.424773129375906,3
2,6,8,11,12,13,0.0812282291119046,0.494924374550464,3
2,6,9,10,11,12,0.0649920212199744,0.563533164307368,5
2,6,9,10,11,13,0.151960384790497,0.573254184966907,3
2,6,9,10,12,13,0.354846051814719,0.483420546949744,0
2,6,9,11,12,13,0.153450720865625,0.849346924472963,2
2,6,10,11,12,13,0.254011804154615,0.396304803855686,2
2,7,8,9,10,11,0.267687506188674,0.499116100897051,1
2,7,8,9,10,12,0.244988540885467,0.54810353819576,0
2,7,8,9,10,13,0.00677337194118559,0.618870015570132,6
2,7,8,9,11,12,0.228445220929598,0.572523111203362,0
2,7,8,9,11,13,0.135317589704561,0.375911624171162,3
2,7,8,9,12,13,0.0825000701734058,0.492680390696774,2
2,7,8,10,11,12,0.216717177317625,0.573163152806088,1
2,7,8,10,11,13,0.00691523161606936,0.577526308766364,6
2,7,8,10,12,13,0.0818505038283555,0.420535372136637,4
2,7,8,11,12,13,0.208656929547598,0.482163276907773,1
2,7,9,10,11,12,0.228192640449745,0.533442015969144,1
2,7,9,10,11,13,0.300321186471139,0.455043859195667,1
2,7,9,10,12,13,0.244929518665916,0.517927153598623,1
2,7,9,11,12,13,0.250143886830877,0.515788696917655,1
2,7,10,11,12,13,0.191428998968361,0.488084863391641,2
2,8,9,10,11,12,0.0358763416763921,0.528937796318693,6
2,8,9,10,11,13,0.0757632093659919,0.444544085914173,5
2,8,9,10,12,13,0.115044682276267,0.379371962588666,4
2,8,9,11,12,13,0.007804585148623,0.503039126814775,6
2,8,10,11,12,13,0.105535263488744,0.379919257776959,4
2,9,10,11,12,13,0.376358826836781,0.420964917180269,0
3,4,5,6,7,8,0.00589036694292489,0.57215556295331,7
3,4,5,6,7,9,0.220666223976759,0.477365233925007,2
3,4,5,6,7,10,0.0485285086601614,0.700038212883511,5
3,4,5,6,7,11,0.238912213222594,0.484967935091577,2
3,4,5,6,7,12,0.0141370992914772,0.731913094306223,6
3,4,5,6,7,13,0.207526554269993,0.444476856077906,2
3,4,5,6,8,9,0.179389416259345,0.488519735645637,2
3,4,5,6,8,10,0.0298441380311565,0.775536197538965,6
3,4,5,6,8,11,0.426657816370868,0.371994956746387,1
3,4,5,6,8,12,0.0200243397229877,0.587242569059878,4
3,4,5,6,8,13,0.129506811005,0.386322322653642,4
3,4,5,6,9,10,0.0110333615913066,0.868230191770527,5
3,4,5,6,9,11,0.191813822231536,0.357256993068333,3
3,4,5,6,9,12,0.156330848112541,0.503030476221103,4
3,4,5,6,9,13,0.133229554338831,0.434274609424177,2
3,4,5,6,10,11,0.0167574792943209,0.683786984795086,5
3,4,5,6,10,12,0.0808749151639843,0.586838620911143,4
3,4,5,6,10,13,0.0292169984106586,0.592078020463173,5
3,4,5,6,11,12,0.00459453208421597,0.512301467511496,5
3,4,5,6,11,13,0.137804500213283,0.347238665634283,4
3,4,5,6,12,13,0.00494328665029596,0.502116816977672,6
3,4,5,7,8,9,0.247326625095385,0.522689035232611,1
3,4,5,7,8,10,0.0434616601030494,0.665391985705584,3
3,4,5,7,8,11,0.247714545856684,0.598777342590002,0
3,4,5,7,8,12,0.11163074124068,0.746890734687254,0
3,4,5,7,8,13,0.0141345533410596,0.796876751900511,5
3,4,5,7,9,10,0.151001494011303,0.512641400490093,3
3,4,5,7,9,11,0.196323295913363,0.465992440658419,2
3,4,5,7,9,12,0.00503427271121174,0.725924174647903,6
3,4,5,7,9,13,0.111115533907701,0.446504714367618,3
3,4,5,7,10,11,0.235676944226739,0.485437726729051,2
3,4,5,7,10,12,0.215510527127739,0.644645308566806,1
3,4,5,7,10,13,0.185672519570534,0.437259814798753,2
3,4,5,7,11,12,0.19692421706677,0.701643317798103,1
3,4,5,7,11,13,0.0442326788553404,0.453662229236537,5
3,4,5,7,12,13,0.057535049792856,0.627876323986287,3
3,4,5,8,9,10,0.0442215189798602,0.723895668091232,3
3,4,5,8,9,11,0.183806187743907,0.453409066956599,2
3,4,5,8,9,12,0.213162123779961,0.510776701677914,1
3,4,5,8,9,13,0.139077574741957,0.467972084877925,2
3,4,5,8,10,11,0.0588007074471459,0.807055607982798,4
3,4,5,8,10,12,0.0481690826440324,0.740218753399378,3
3,4,5,8,10,13,0.0181662975913215,0.673321305270453,4
3,4,5,8,11,12,0.308579862921271,0.549149528544447,1
3,4,5,8,11,13,0.078941311499638,0.398502678543179,3
3,4,5,8,12,13,0.0043114425003871,0.466175557796036,6
3,4,5,9,10,11,0.0594201002068015,0.688323513060065,3
3,4,5,9,10,12,0.122798191217647,0.502399910071425,4
3,4,5,9,10,13,0.0427747118588641,0.60179469681482,3
3,4,5,9,11,12,0.0696348973667182,0.567495593773383,4
3,4,5,9,11,13,0.00540582044210695,0.646503382469682,6
3,4,5,9,12,13,0.125691504889965,0.481989352809563,3
3,4,5,10,11,12,0.0741377550688975,0.520766552485799,3
3,4,5,10,11,13,0.130043309552628,0.425392150376689,3
3,4,5,10,12,13,0.183970414501885,0.455941414344424,4
3,4,5,11,12,13,0.0166757412930358,0.48982666127109,5
3,4,6,7,8,9,0.185355138673523,0.497902501789001,3
3,4,6,7,8,10,0.285768918141847,0.563994722832673,1
3,4,6,7,8,11,0.243757141061275,0.583135684832839,0
3,4,6,7,8,12,0.110396200500974,0.726909512352895,1
3,4,6,7,8,13,0.0484725293047885,0.505249069835552,5
3,4,6,7,9,10,0.26909251145651,0.516434719691385,0
3,4,6,7,9,11,0.0253670128607233,0.490216747086312,5
3,4,6,7,9,12,0.00515241902031733,0.717302714593777,5
3,4,6,7,9,13,0.117347856674422,0.440551510146985,2
3,4,6,7,10,11,0.273257615152858,0.510336065913132,0
3,4,6,7,10,12,0.0791545172326853,0.654972154786987,2
3,4,6,7,10,13,0.296355447174617,0.511163781070917,1
3,4,6,7,11,12,0.0506877784992376,0.669060485741399,4
3,4,6,7,11,13,0.0358628017829023,0.475526784701592,5
3,4,6,7,12,13,0.109415643845426,0.622067833566885,4
3,4,6,8,9,10,0.321653536729764,0.418583611514259,1
3,4,6,8,9,11,0.0142100426510305,0.475369587759526,5
3,4,6,8,9,12,0.236348178224214,0.500388265854282,2
3,4,6,8,9,13,0.1158581304491,0.454902378814517,2
3,4,6,8,10,11,0.410955866377052,0.395358879170245,1
3,4,6,8,10,12,0.00623588157859515,0.574566399724596,5
3,4,6,8,10,13,0.32988608484339,0.388839950712498,2
3,4,6,8,11,12,0.00826629426444014,0.563007277648404,5
3,4,6,8,11,13,0.0612785173477146,0.404994820674163,3
3,4,6,8,12,13,0.00470952053029653,0.476946919436148,6
3,4,6,9,10,11,0.229229873675141,0.448821671027988,2
3,4,6,9,10,12,0.052506638112076,0.597442902441405,4
3,4,6,9,10,13,0.164856504308127,0.420689512194383,2
3,4,6,9,11,12,0.056174909831339,0.454738273850389,4
3,4,6,9,11,13,0.0425415358512745,0.481102189829348,4
3,4,6,9,12,13,0.0600604038102422,0.490747831541287,4
3,4,6,10,11,12,0.00960278547157906,0.512046237886376,6
3,4,6,10,11,13,0.166515985276774,0.372457318586682,2
3,4,6,10,12,13,0.0085358909796511,0.61585579706397,6
3,4,6,11,12,13,0.00615503092939983,0.416192532709243,5
3,4,7,8,9,10,0.281890590833058,0.564108225619907,0
3,4,7,8,9,11,0.25054257764724,0.578289939919163,1
3,4,7,8,9,12,0.00293074017746817,0.741122424884455,6
3,4,7,8,9,13,0.159418644823323,0.474211278133538,3
3,4,7,8,10,11,0.290089607591903,0.591723968384692,0
3,4,7,8,10,12,0.103976820487397,0.720533226549951,0
3,4,7,8,10,13,0.0752090878363208,0.538843970329376,2
3,4,7,8,11,12,0.056619227402157,0.780594927466176,0
3,4,7,8,11,13,0.00947536000994206,0.555391628931299,5
3,4,7,8,12,13,0.129918503773496,0.725504484849668,0
3,4,7,9,10,11,0.281459566687415,0.513699423267518,0
3,4,7,9,10,12,0.00533956752039429,0.713424330822138,5
3,4,7,9,10,13,0.137710765879153,0.443500061432836,3
3,4,7,9,11,12,0.00511137652867749,0.699778384227547,5
3,4,7,9,11,13,0.103680049595364,0.431881578974538,3
3,4,7,9,12,13,0.00437109261442237,0.569705549599103,6
3,4,7,10,11,12,0.214064450694948,0.671401254289832,0
3,4,7,10,11,13,0.189566899856139,0.418600512602907,1
3,4,7,10,12,13,0.214420022308622,0.633276570132502,0
3,4,7,11,12,13,0.046604023652627,0.634299042120929,5
3,4,8,9,10,11,0.421248403019977,0.394940155330666,1
3,4,8,9,10,12,0.373955224134641,0.493597071397608,1
3,4,8,9,10,13,0.150797843394685,0.440537024720787,2
3,4,8,9,11,12,0.0146184461491796,0.584736902949568,6
3,4,8,9,11,13,0.0373820042123567,0.506054965274564,4
3,4,8,9,12,13,0.0182195203674372,0.470287896297759,6
3,4,8,10,11,12,0.274217235304129,0.525426201732491,2
3,4,8,10,11,13,0.428601210471908,0.384970934721851,1
3,4,8,10,12,13,0.0123189324881143,0.445708092456504,5
3,4,8,11,12,13,0.0163795886125781,0.431866486733598,5
3,4,9,10,11,12,0.0701600848692634,0.527929110622991,4
3,4,9,10,11,13,0.146983044184724,0.418174241878732,2
3,4,9,10,12,13,0.0161628602104936,0.495111613648503,5
3,4,9,11,12,13,0.0422692781069963,0.48537806494224,4
3,4,10,11,12,13,0.00806130240546431,0.520804964360862,7
3,5,6,7,8,9,0.00294293300701133,1.04880395003839,7
3,5,6,7,8,10,0.303190477163579,0.567360067831148,0
3,5,6,7,8,11,0.253881895551164,0.607686409164774,0
3,5,6,7,8,12,0.100103289211912,0.800067638732642,1
3,5,6,7,8,13,0.0734678713549869,0.504498768485083,2
3,5,6,7,9,10,0.209583340060583,0.488087341672951,1
3,5,6,7,9,11,0.0391695065163655,0.584710374378125,6
3,5,6,7,9,12,0.00483208011531427,0.733846548606527,6
3,5,6,7,9,13,0.182969892980902,0.445189388032081,2
3,5,6,7,10,11,0.289226641057585,0.512986551990089,0
3,5,6,7,10,12,0.0246029396482133,0.681735355408795,5
3,5,6,7,10,13,0.19973425751691,0.447758050020171,3
3,5,6,7,11,12,0.00655623378492262,0.740128819501606,6
3,5,6,7,11,13,0.0161006453422971,0.443770243481058,6
3,5,6,7,12,13,0.00712296511610417,0.641830238542773,5
3,5,6,8,9,10,0.0489109452727472,0.699522208018956,5
3,5,6,8,9,11,0.438732570678603,0.365714455507256,0
3,5,6,8,9,12,0.287847330375254,0.481893227892049,2
3,5,6,8,9,13,0.194086308140307,0.42424576565343,2
3,5,6,8,10,11,0.00739919551160503,0.837738855838255,7
3,5,6,8,10,12,0.373282280720726,0.496547535487308,0
3,5,6,8,10,13,0.0100945889042744,0.601140880433114,6
3,5,6,8,11,12,0.00406290565724749,0.543948924667852,6
3,5,6,8,11,13,0.110573841013644,0.379388919632877,2
3,5,6,8,12,13,0.0070873473268269,0.486900647469638,6
3,5,6,9,10,11,0.177402758793713,0.375742076499793,4
3,5,6,9,10,12,0.042507418693892,0.547384571045049,5
3,5,6,9,10,13,0.00752411225521223,0.658183777572785,5
3,5,6,9,11,12,0.00973938037840078,0.495054526204362,5
3,5,6,9,11,13,0.11906852585822,0.428045869128355,3
3,5,6,9,12,13,0.167666697501102,0.462873272350238,4
3,5,6,10,11,12,0.0198445602627524,0.491067628748952,6
3,5,6,10,11,13,0.174553951173313,0.35999989485532,3
3,5,6,10,12,13,0.0120176514224705,0.509596813341412,6
3,5,6,11,12,13,0.012764975629624,0.465131945625735,6
3,5,7,8,9,10,0.164015131682688,0.603995801796667,2
3,5,7,8,9,11,0.259118632863142,0.606557620363709,0
3,5,7,8,9,12,0.120341797898018,0.752533070261042,1
3,5,7,8,9,13,0.0658653659385855,0.488350028575821,2
3,5,7,8,10,11,0.30232727550633,0.605930444291723,1
3,5,7,8,10,12,0.0800257004684376,0.714460700847665,1
3,5,7,8,10,13,0.00616147367932029,0.551846635794279,6
3,5,7,8,11,12,0.00459849240078192,0.78447128214868,6
3,5,7,8,11,13,0.149136021956061,0.415784873164401,3
3,5,7,8,12,13,0.00139468942708743,0.531249678027651,6
3,5,7,9,10,11,0.302985528982336,0.519522294506179,0
3,5,7,9,10,12,0.049646094497696,0.628352711913808,4
3,5,7,9,10,13,0.025354013751222,0.581607653094143,4
3,5,7,9,11,12,0.00412306983536551,0.698068548458509,6
3,5,7,9,11,13,0.124170573909703,0.420968492996473,2
3,5,7,9,12,13,0.00472450036156466,0.589072201965556,6
3,5,7,10,11,12,0.0667388022606623,0.658420721026656,2
3,5,7,10,11,13,0.235812748867767,0.44423388491839,1
3,5,7,10,12,13,0.00295053792858679,0.596412313316907,6
3,5,7,11,12,13,0.00407491688289532,0.618742654292077,6
3,5,8,9,10,11,0.0493702239559599,0.655265900202449,3
3,5,8,9,10,12,0.0782721577971689,0.494427302480907,5
3,5,8,9,10,13,0.0250478100928728,0.591910424879787,5
3,5,8,9,11,12,0.00997732712397988,0.642262013277664,6
3,5,8,9,11,13,0.107798437384454,0.400744039306124,3
3,5,8,9,12,13,0.00512268824621552,0.488559933019932,6
3,5,8,10,11,12,0.00399488206274372,0.552916473204885,5
3,5,8,10,11,13,0.0122963153292558,0.486306742026515,5
3,5,8,10,12,13,0.00637912250662969,0.449867172699877,6
3,5,8,11,12,13,0.00416050337840076,0.450151287010514,6
3,5,9,10,11,12,0.00610295589247518,0.53869530718876,5
3,5,9,10,11,13,0.141145914283728,0.419036383484429,2
3,5,9,10,12,13,0.0722650487317353,0.475448291441664,3
3,5,9,11,12,13,0.0480552127156598,0.450831115861142,4
3,5,10,11,12,13,0.00831175656977742,0.479599737721057,6
3,6,7,8,9,10,0.0479698963299366,0.624382447740365,4
3,6,7,8,9,11,0.0208451746519486,0.594116418047022,6
3,6,7,8,9,12,0.122685775397059,0.731743170346475,1
3,6,7,8,9,13,0.0563361094597875,0.495310449807829,4
3,6,7,8,10,11,0.248210766078308,0.616065721213926,1
3,6,7,8,10,12,0.116001350687275,0.732919186586332,1
3,6,7,8,10,13,0.090132211600881,0.550257847374351,2
3,6,7,8,11,12,0.00994511550395871,0.748464305496447,3
3,6,7,8,11,13,0.148483126780081,0.389442377687494,2
3,6,7,8,12,13,0.00771998511875346,0.551818225628914,6
3,6,7,9,10,11,0.0326872993664827,0.508183063062609,5
3,6,7,9,10,12,0.040622149485467,0.608884717052124,4
3,6,7,9,10,13,0.19843401708396,0.45456460572464,2
3,6,7,9,11,12,0.00838844946564831,0.676654987007433,6
3,6,7,9,11,13,0.105866149482454,0.426048587101526,4
3,6,7,9,12,13,0.0603404786776743,0.57938593548071,4
3,6,7,10,11,12,0.0272746117595579,0.634784771754876,5
3,6,7,10,11,13,0.0720498215730083,0.424869947165865,4
3,6,7,10,12,13,0.0495431007006817,0.595648300014955,3
3,6,7,11,12,13,0.00426337875021537,0.542953401629058,5
3,6,8,9,10,11,0.00439686875714057,0.595502551363895,6
3,6,8,9,10,12,0.0576741028990468,0.56307425671189,4
3,6,8,9,10,13,0.203955062794239,0.401830666922831,3
3,6,8,9,11,12,0.0152784674286288,0.440149318680222,5
3,6,8,9,11,13,0.105818486885622,0.401070872111768,3
3,6,8,9,12,13,0.00890092180043645,0.499754298455378,6
3,6,8,10,11,12,0.0102557878087565,0.522333564841472,5
3,6,8,10,11,13,0.0291650412691854,0.734345366236135,4
3,6,8,10,12,13,0.00968538639049129,0.44666960359914,7
3,6,8,11,12,13,0.00399646941731988,0.446872906091842,6
3,6,9,10,11,12,0.00713983160111256,0.531579609710985,6
3,6,9,10,11,13,0.150449476137003,0.417027548777239,1
3,6,9,10,12,13,0.00818255825126929,0.50023396942774,6
3,6,9,11,12,13,0.0162071263443381,0.555779201422297,5
3,6,10,11,12,13,0.00982267997398797,0.485074805603235,6
3,7,8,9,10,11,0.246367601971961,0.615270757533419,1
3,7,8,9,10,12,0.117852204487583,0.728409526370371,0
3,7,8,9,10,13,0.0558911860500195,0.53185879617284,2
3,7,8,9,11,12,0.00284578770973479,0.747001170302682,6
3,7,8,9,11,13,0.0126752801514601,0.528148074059896,5
3,7,8,9,12,13,0.144068635410344,0.729486667686836,1
3,7,8,10,11,12,0.0198813243653652,0.748684647969471,5
3,7,8,10,11,13,0.15022953289793,0.54507816500973,2
3,7,8,10,12,13,0.00177546349941547,0.515956383361307,5
3,7,8,11,12,13,0.00992969599525496,0.725730482478726,5
3,7,9,10,11,12,0.0309001580556402,0.667325451561266,4
3,7,9,10,11,13,0.150826886876814,0.420456816453508,1
3,7,9,10,12,13,0.00446836605983865,0.570945193894238,6
3,7,9,11,12,13,0.0415047785276914,0.609014054154528,3
3,7,10,11,12,13,0.0397618851228288,0.5926824230725,3
3,8,9,10,11,12,0.00436087757687687,0.544024509330151,5
3,8,9,10,11,13,0.20029889593371,0.393150462725704,2
3,8,9,10,12,13,0.00799670489805246,0.452480380054955,6
3,8,9,11,12,13,0.0213383742473222,0.45606428774779,5
3,8,10,11,12,13,0.00871297865049553,0.458287769730619,5
3,9,10,11,12,13,0.0072492032971999,0.507656590550779,6
4,5,6,7,8,9,0.285783888143052,0.427323756125114,0
4,5,6,7,8,10,0.293666149198134,0.445878212797119,1
4,5,6,7,8,11,0.26872039831157,0.388495438699762,2
4,5,6,7,8,12,0.242897339327135,0.54952132637699,0
4,5,6,7,8,13,0.209153365310321,0.344831154243348,1
4,5,6,7,9,10,0.214546740600601,0.475766983267763,0
4,5,6,7,9,11,0.0324193510424545,0.58950025146572,3
4,5,6,7,9,12,0.231393658094313,0.505651035428546,1
4,5,6,7,9,13,0.278721614189136,0.452403059970289,1
4,5,6,7,10,11,0.336315095529588,0.431617965935237,0
4,5,6,7,10,12,0.281025726331059,0.509391501346061,1
4,5,6,7,10,13,0.309228674939493,0.4692793604049,1
4,5,6,7,11,12,0.239658387090791,0.504498300442154,2
4,5,6,7,11,13,0.138701740276194,0.346027824569013,3
4,5,6,7,12,13,0.244126073378717,0.492304839454088,1
4,5,6,8,9,10,0.376320428300932,0.43029856983714,0
4,5,6,8,9,11,0.0818398029569959,0.345141611277277,4
4,5,6,8,9,12,0.407496362887529,0.382372033907324,1
4,5,6,8,9,13,0.206286805818861,0.351539483832092,1
4,5,6,8,10,11,0.225457387313719,0.398067759067882,3
4,5,6,8,10,12,0.114513935690305,0.396257272494185,3
4,5,6,8,10,13,0.200072096849046,0.400395509373098,1
4,5,6,8,11,12,0.158214395595267,0.397203339223285,3
4,5,6,8,11,13,0.196740013878555,0.355790081993518,2
4,5,6,8,12,13,0.00466640213729692,0.490011409574017,6
4,5,6,9,10,11,0.179638334592495,0.445135350731409,3
4,5,6,9,10,12,0.0613424497542315,0.475925590998198,4
4,5,6,9,10,13,0.349541570094323,0.556802261366845,0
4,5,6,9,11,12,0.0422405811771616,0.471309612020496,6
4,5,6,9,11,13,0.231643506776675,0.410771398272148,3
4,5,6,9,12,13,0.367370073435584,0.429418325426276,0
4,5,6,10,11,12,0.121574683397498,0.471911046586332,4
4,5,6,10,11,13,0.174148586568269,0.408943175209713,3
4,5,6,10,12,13,0.0411265781982478,0.390082951725613,4
4,5,6,11,12,13,0.0168666801405176,0.412555151284524,6
4,5,7,8,9,10,0.286044387704482,0.454369471741115,0
4,5,7,8,9,11,0.300491472197854,0.430554215711134,0
4,5,7,8,9,12,0.242896621940667,0.547555887178072,0
4,5,7,8,9,13,0.323672911040093,0.401847831010895,1
4,5,7,8,10,11,0.306076025803005,0.43977964873704,1
4,5,7,8,10,12,0.286240482737162,0.554154181928399,1
4,5,7,8,10,13,0.232490883969096,0.362536888616276,1
4,5,7,8,11,12,0.230899758826322,0.593034559104969,0
4,5,7,8,11,13,0.0342863145561972,0.639403268931506,5
4,5,7,8,12,13,0.191158729377532,0.460644348421561,1
4,5,7,9,10,11,0.219427744188392,0.436979522702566,1
4,5,7,9,10,12,0.241006820980297,0.516681006150237,1
4,5,7,9,10,13,0.261846117180959,0.475204003357848,0
4,5,7,9,11,12,0.275690844197979,0.518312609262648,1
4,5,7,9,11,13,0.321919670962338,0.415527001870841,0
4,5,7,9,12,13,0.228177898020154,0.50515531960428,1
4,5,7,10,11,12,0.172449071989579,0.511600009321204,2
4,5,7,10,11,13,0.0870058877675254,0.501219197984042,4
4,5,7,10,12,13,0.267853034437337,0.621428402832443,1
4,5,7,11,12,13,0.280998013784689,0.518702773097813,0
4,5,8,9,10,11,0.405991720410368,0.35521533969331,0
4,5,8,9,10,12,0.0176752273890625,0.705097817338543,4
4,5,8,9,10,13,0.210097197096456,0.357502003489933,1
4,5,8,9,11,12,0.420199102045922,0.36765187943781,0
4,5,8,9,11,13,0.229637290342444,0.311924076496845,2
4,5,8,9,12,13,0.00639738412960054,0.517598379028177,6
4,5,8,10,11,12,0.0985087520125751,0.53625637709398,3
4,5,8,10,11,13,0.192472351659856,0.359403463448607,2
4,5,8,10,12,13,0.136658220800692,0.379294780321735,4
4,5,8,11,12,13,0.0893688383688552,0.42636118252634,2
4,5,9,10,11,12,0.0790960083572705,0.469531056696692,5
4,5,9,10,11,13,0.209884504790241,0.396343809696004,2
4,5,9,10,12,13,0.0302454607968075,0.3838137877208,4
4,5,9,11,12,13,0.386144876323744,0.372837546142859,1
4,5,10,11,12,13,0.0822761505067225,0.369565452005227,5
4,6,7,8,9,10,0.274264214168552,0.469272340301119,0
4,6,7,8,9,11,0.269644534399293,0.403125941012144,1
4,6,7,8,9,12,0.239009732910822,0.540504774541119,0
4,6,7,8,9,13,0.241087255526827,0.351916186863252,1
4,6,7,8,10,11,0.297349546641498,0.443131805769111,1
4,6,7,8,10,12,0.284954968216758,0.54856111079498,0
4,6,7,8,10,13,0.231009425521023,0.37901530661898,1
4,6,7,8,11,12,0.229694300559741,0.572901715969827,0
4,6,7,8,11,13,0.115405921940787,0.430966906007525,2
4,6,7,8,12,13,0.0345107459106517,0.510420354692745,5
4,6,7,9,10,11,0.279785620784208,0.454495738262701,1
4,6,7,9,10,12,0.244412254779939,0.520081738634418,1
4,6,7,9,10,13,0.256860045741502,0.502531405016825,1
4,6,7,9,11,12,0.269219104537511,0.510245002670449,0
4,6,7,9,11,13,0.146294183659379,0.290343218690515,3
4,6,7,9,12,13,0.214480379093128,0.503551561247845,0
4,6,7,10,11,12,0.242570995767033,0.533467209717158,1
4,6,7,10,11,13,0.126966715253055,0.385951786930964,4
4,6,7,10,12,13,0.267152084583343,0.514039808637359,0
4,6,7,11,12,13,0.295225457179998,0.509083573373755,0
4,6,8,9,10,11,0.0138537410688924,1.54514078386826,5
4,6,8,9,10,12,0.139403835209782,0.375881377990239,3
4,6,8,9,10,13,0.213861884739573,0.395994100666686,1
4,6,8,9,11,12,0.0068811903421823,0.534362899020647,6
4,6,8,9,11,13,0.225355300268178,0.342506248611806,2
4,6,8,9,12,13,0.432739064132454,0.404604130870512,0
4,6,8,10,11,12,0.00819191497341401,0.610219027151685,6
4,6,8,10,11,13,0.218326615544555,0.387841007840172,1
4,6,8,10,12,13,0.117256591013189,0.388888798667931,3
4,6,8,11,12,13,0.112006765378348,0.446346197706787,2
4,6,9,10,11,12,0.140402310466888,0.453219033244821,4
4,6,9,10,11,13,0.239022359674468,0.406348181749956,3
4,6,9,10,12,13,0.347929996689886,0.477039928073757,0
4,6,9,11,12,13,0.00851963269974391,1.04214406866173,5
4,6,10,11,12,13,0.117967155613327,0.424011259205445,6
4,7,8,9,10,11,0.277400171142394,0.447259563424914,1
4,7,8,9,10,12,0.280089532265367,0.548632781637645,0
4,7,8,9,10,13,0.221144697423836,0.352542674896081,2
4,7,8,9,11,12,0.230380361863682,0.570928582865591,1
4,7,8,9,11,13,0.143032835730497,0.385144052371621,2
4,7,8,9,12,13,0.183634301032344,0.442133748775164,1
4,7,8,10,11,12,0.209142024524174,0.585735208857874,1
4,7,8,10,11,13,0.00750670839720199,0.705955697007934,5
4,7,8,10,12,13,0.0558826440169038,0.507546342745057,3
4,7,8,11,12,13,0.287146188516982,0.566139594153436,1
4,7,9,10,11,12,0.239915431922664,0.534691450019105,1
4,7,9,10,11,13,0.28923826613572,0.437320173791296,0
4,7,9,10,12,13,0.262728901568659,0.515702439055019,0
4,7,9,11,12,13,0.262794304353743,0.514063158350171,1
4,7,10,11,12,13,0.0627829926910295,0.459945466580863,3
4,8,9,10,11,12,0.00892135103089029,0.69705884289522,6
4,8,9,10,11,13,0.21968455646671,0.348241283645897,1
4,8,9,10,12,13,0.145329233828301,0.375501947881864,4
4,8,9,11,12,13,0.101019459202947,0.421726037035916,2
4,8,10,11,12,13,0.0832686757510148,0.401928068557892,4
4,9,10,11,12,13,0.0802538116066249,0.397978383568282,5
5,6,7,8,9,10,0.242607710419821,0.427476337479482,2
5,6,7,8,9,11,0.245368426109438,0.335994653766703,2
5,6,7,8,9,12,0.235394032517112,0.536582519533333,1
5,6,7,8,9,13,0.0715143433809664,0.404914524999761,3
5,6,7,8,10,11,0.328338654191649,0.421714036282223,1
5,6,7,8,10,12,0.256078181987434,0.556248128084962,0
5,6,7,8,10,13,0.201849247345983,0.362922189269446,2
5,6,7,8,11,12,0.242378628082431,0.589435055737774,0
5,6,7,8,11,13,0.068251343039341,0.559193233567681,3
5,6,7,8,12,13,0.0109537290578355,0.537008691027703,6
5,6,7,9,10,11,0.276409745857613,0.41489991908295,1
5,6,7,9,10,12,0.22944792399925,0.508881921299916,1
5,6,7,9,10,13,0.314165242946493,0.449873782606556,0
5,6,7,9,11,12,0.273063740252781,0.516997767994371,0
5,6,7,9,11,13,0.0182907978670861,0.581428209982476,5
5,6,7,9,12,13,0.250566440393692,0.489818971371782,1
5,6,7,10,11,12,0.176039059512967,0.496392536539498,2
5,6,7,10,11,13,0.00592565854045032,0.656011475428798,6
5,6,7,10,12,13,0.248753780929331,0.476810808453052,2
5,6,7,11,12,13,0.28814983476849,0.505080605589394,1
5,6,8,9,10,11,0.117348609384668,0.491747695520258,5
5,6,8,9,10,12,0.188558389303975,0.348653855000317,3
5,6,8,9,10,13,0.224793826391315,0.377291408374842,2
5,6,8,9,11,12,0.0978233240891082,0.442732973318596,3
5,6,8,9,11,13,0.18316664579124,0.341485002307023,2
5,6,8,9,12,13,0.0857967984598699,0.466320476552697,2
5,6,8,10,11,12,0.147734672068525,0.370257122809855,4
5,6,8,10,11,13,0.234952142379146,0.375156600672321,1
5,6,8,10,12,13,0.0371781116803282,0.429313505546913,4
5,6,8,11,12,13,0.0887443382961149,0.463316615873679,2
5,6,9,10,11,12,0.135408758680715,0.392642346963226,4
5,6,9,10,11,13,0.232249372470949,0.363771073660602,3
5,6,9,10,12,13,0.389203525004718,0.418013830278646,1
5,6,9,11,12,13,0.113501661196902,0.897518794813701,2
5,6,10,11,12,13,0.111840640419758,0.332173875805914,4
5,7,8,9,10,11,0.302023079188547,0.434276800745839,2
5,7,8,9,10,12,0.251549508600987,0.551466958116333,0
5,7,8,9,10,13,0.211541498974958,0.341513649226383,2
5,7,8,9,11,12,0.242188455957909,0.587118632142771,0
5,7,8,9,11,13,0.110049749814373,0.456630764607289,3
5,7,8,9,12,13,0.184644165148444,0.443968262222777,1
5,7,8,10,11,12,0.290368369424933,0.594372215976699,0
5,7,8,10,11,13,0.0603004078568596,0.550686125231257,5
5,7,8,10,12,13,0.0754578264954053,0.53526969411086,3
5,7,8,11,12,13,0.249932490086337,0.524579217784524,1
5,7,9,10,11,12,0.138266942599516,0.492377151054719,3
5,7,9,10,11,13,0.205273132489745,0.329307068601204,2
5,7,9,10,12,13,0.261037818216612,0.501623014700358,1
5,7,9,11,12,13,0.277619112576457,0.51781690470358,1
5,7,10,11,12,13,0.0276120409747273,0.481120569794614,5
5,8,9,10,11,12,0.11070674683919,0.421573832451185,5
5,8,9,10,11,13,0.216054557559826,0.337492138648192,2
5,8,9,10,12,13,0.154355504476176,0.393222348498926,3
5,8,9,11,12,13,0.0876191554546662,0.429408391564375,2
5,8,10,11,12,13,0.152833346824027,0.394692437628048,3
5,9,10,11,12,13,0.0834709001762486,0.33638813416384,4
6,7,8,9,10,11,0.312080112089432,0.431420716369093,1
6,7,8,9,10,12,0.250118219142493,0.54335074100666,1
6,7,8,9,10,13,0.174197320319769,0.394866357606785,3
6,7,8,9,11,12,0.161482675360278,0.476487303761292,3
6,7,8,9,11,13,0.126819487851069,0.42174930086366,2
6,7,8,9,12,13,0.0842993799689208,0.473965975145018,3
6,7,8,10,11,12,0.284860348543955,0.580321832667896,0
6,7,8,10,11,13,0.147170067671714,0.408409403287792,2
6,7,8,10,12,13,0.0765921693977149,0.460289991711871,4
6,7,8,11,12,13,0.258114648131516,0.51178346976815,1
6,7,9,10,11,12,0.243429918298108,0.526829849429945,1
6,7,9,10,11,13,0.00573300279613132,0.600242975902503,6
6,7,9,10,12,13,0.249118865139924,0.499854947988709,1
6,7,9,11,12,13,0.241747585571815,0.579297145401355,1
6,7,10,11,12,13,0.258613933827664,0.501992041839414,2
6,8,9,10,11,12,0.00971856981038365,0.675950390886209,6
6,8,9,10,11,13,0.223110453782078,0.365830644039062,1
6,8,9,10,12,13,0.152150248719776,0.407951860954661,2
6,8,9,11,12,13,0.0833749395490091,0.454208742379282,4
6,8,10,11,12,13,0.159534025666587,0.407525600229567,2
6,9,10,11,12,13,0.0935956351021239,0.941329140790368,5
7,8,9,10,11,12,0.282530720342806,0.57889888573339,0
7,8,9,10,11,13,0.00430837703644575,0.798826931159117,6
7,8,9,10,12,13,0.049161298257556,0.623649522213301,2
7,8,9,11,12,13,0.255018965404076,0.509689325883694,1
7,8,10,11,12,13,0.0945507965210438,0.486190566737166,2
7,9,10,11,12,13,0.294196408969277,0.513969744103043,0
8,9,10,11,12,13,0.149495705436157,0.385857472810978,3
