V1,V2,V3,V4,V5,V6,bestlam,rmse
1,2,3,4,5,6,24.526671194777,34.4524521983614
1,2,3,4,5,7,32.3116958306003,32.1327575634931
1,2,3,4,5,8,29.4823530950108,34.6133641126694
1,2,3,4,5,9,25.3345937198882,33.5443048412714
1,2,3,4,5,10,26.0666424340917,32.1412390581736
1,2,3,4,5,11,31.7577807112952,36.2987361422668
1,2,3,4,5,12,31.0228432242731,32.8559099912037
1,2,3,4,5,13,26.1271823024977,34.1731639366037
1,2,3,4,6,7,10.9229710232276,37.0894376600147
1,2,3,4,6,8,21.0137275378482,33.4530354074032
1,2,3,4,6,9,28.3456204533106,30.6290294475349
1,2,3,4,6,10,22.9281574702585,28.9637373880746
1,2,3,4,6,11,5.36928103664932,55.8665151278176
1,2,3,4,6,12,31.2960847279591,31.2346475669924
1,2,3,4,6,13,25.853283356498,31.9849366994401
1,2,3,4,7,8,16.1619001079102,28.6529893703615
1,2,3,4,7,9,32.1186947853033,29.7095596939041
1,2,3,4,7,10,34.2309672130178,28.3876504977944
1,2,3,4,7,11,26.3496309007723,31.0243800596365
1,2,3,4,7,12,38.0058156499198,25.7974180464827
1,2,3,4,7,13,28.5469324530772,28.9486578454305
1,2,3,4,8,9,13.7431073917599,44.8440219134285
1,2,3,4,8,10,0.833735484555903,79.0200701481032
1,2,3,4,8,11,0.638323399077701,67.0233151027296
1,2,3,4,8,12,30.5102679214695,29.3105171168605
1,2,3,4,8,13,23.9341005708496,30.6898143943389
1,2,3,4,9,10,22.9222245286475,27.7107948945744
1,2,3,4,9,11,0.705588416116186,61.4276546674447
1,2,3,4,9,12,6.30366549733001,44.429616945056
1,2,3,4,9,13,26.601388754975,31.0405199101937
1,2,3,4,10,11,1.82556970809367,52.0409301297381
1,2,3,4,10,12,34.2721447640749,29.1097999973715
1,2,3,4,10,13,26.831506068542,29.5663177618868
1,2,3,4,11,12,5.15698692684526,58.2414051488102
1,2,3,4,11,13,28.5948195570906,33.693866080638
1,2,3,4,12,13,29.5471124157399,31.7235983926233
1,2,3,5,6,7,28.9646666044232,35.148581430964
1,2,3,5,6,8,28.9130263032845,37.2250424941
1,2,3,5,6,9,24.9388698605557,37.4871767822236
1,2,3,5,6,10,25.5240625107982,36.6129144322198
1,2,3,5,6,11,28.9002227482846,40.2503125356125
1,2,3,5,6,12,26.008726560429,36.8337160751265
1,2,3,5,6,13,24.0457948520998,37.355703437934
1,2,3,5,7,8,24.5732863160988,31.4081379704247
1,2,3,5,7,9,30.9784020727459,34.5949275961754
1,2,3,5,7,10,33.2727720693416,33.6729082369875
1,2,3,5,7,11,31.3310452383241,34.280864251739
1,2,3,5,7,12,30.2791686672419,28.7234033498818
1,2,3,5,7,13,28.4784357200985,32.7645182147724
1,2,3,5,8,9,29.2285276664368,37.0356969131117
1,2,3,5,8,10,13.4869350522832,40.2512302090643
1,2,3,5,8,11,28.2822704058751,37.6303140758399
1,2,3,5,8,12,23.65301695966,33.6964508000569
1,2,3,5,8,13,27.9071437505939,34.200333031357
1,2,3,5,9,10,25.2879588371304,36.1470521218154
1,2,3,5,9,11,24.9667939553862,42.2667649035699
1,2,3,5,9,12,27.1597515805032,37.4365138781588
1,2,3,5,9,13,24.1705666115853,36.9993858346143
1,2,3,5,10,11,14.4537437495911,47.9307152092642
1,2,3,5,10,12,28.4397622223261,34.5889660095232
1,2,3,5,10,13,24.2783229547149,38.5258588709165
1,2,3,5,11,12,28.1031490887714,35.6313025027511
1,2,3,5,11,13,19.911194757758,40.6725178305973
1,2,3,5,12,13,21.9819560572852,37.2022906934814
1,2,3,6,7,8,26.9673387250173,31.2289064759884
1,2,3,6,7,9,23.6169626431009,34.1530600766767
1,2,3,6,7,10,12.6054762115288,33.5284303127477
1,2,3,6,7,11,32.8586692567807,33.8570638289058
1,2,3,6,7,12,30.9785245033745,28.7183080119746
1,2,3,6,7,13,31.5153955366522,32.130353621799
1,2,3,6,8,9,18.7418969620227,62.2964898529553
1,2,3,6,8,10,18.048936553166,43.4943044374836
1,2,3,6,8,11,31.2025226312061,36.5603471621289
1,2,3,6,8,12,23.9544832077168,33.3378909387009
1,2,3,6,8,13,26.7803923947387,33.5859616475458
1,2,3,6,9,10,28.2700969784437,32.8564503128161
1,2,3,6,9,11,28.3330473780854,37.2382498762516
1,2,3,6,9,12,28.5595719731475,35.1855875717743
1,2,3,6,9,13,26.2649296392692,35.1058644016155
1,2,3,6,10,11,7.76906207059147,52.7864770045311
1,2,3,6,10,12,31.0741724727478,32.9786294891515
1,2,3,6,10,13,25.9438537609189,34.6087404691591
1,2,3,6,11,12,33.325397001901,34.6335795257902
1,2,3,6,11,13,27.3478837511906,37.1467456204788
1,2,3,6,12,13,21.9853377509231,36.0635765899332
1,2,3,7,8,9,28.8622910504511,30.7496740445513
1,2,3,7,8,10,29.3191553466564,29.8973480156242
1,2,3,7,8,11,25.255049572373,29.0164572531486
1,2,3,7,8,12,26.3570422478041,21.1702447207977
1,2,3,7,8,13,23.6328429823694,25.4737480923257
1,2,3,7,9,10,0.743300853456322,45.5486575891113
1,2,3,7,9,11,23.5956500068011,34.6934264341006
1,2,3,7,9,12,24.632028096062,28.2642399370409
1,2,3,7,9,13,4.10343879157021,40.5461840224915
1,2,3,7,10,11,4.30651853279394,48.2571944212794
1,2,3,7,10,12,35.7782229456697,27.3655376182632
1,2,3,7,10,13,32.8551048412877,30.5915802305914
1,2,3,7,11,12,32.0066980630363,25.9005393469236
1,2,3,7,11,13,0.793215101680339,42.1771714845206
1,2,3,7,12,13,30.5442379498801,27.6599866510897
1,2,3,8,9,10,5.59818025355729,44.7482485006827
1,2,3,8,9,11,31.8508224440198,36.0522090087598
1,2,3,8,9,12,29.0125842313734,31.6282027212792
1,2,3,8,9,13,26.1116427159954,34.4256291682705
1,2,3,8,10,11,31.5114680752489,35.1992201618161
1,2,3,8,10,12,26.5497757635274,30.7996899579975
1,2,3,8,10,13,27.2857256869379,33.3441551361526
1,2,3,8,11,12,25.370322924449,30.045196658612
1,2,3,8,11,13,26.9392301747593,34.7197738533873
1,2,3,8,12,13,18.9961273467331,31.7192912249261
1,2,3,9,10,11,1.58080867119422,51.8201383896251
1,2,3,9,10,12,23.7747700339489,34.5176510768228
1,2,3,9,10,13,26.6419336545315,33.5627157241841
1,2,3,9,11,12,17.4274227006709,38.4117313914754
1,2,3,9,11,13,23.6466343653113,36.6023439753453
1,2,3,9,12,13,26.596942339687,34.4826658816687
1,2,3,10,11,12,21.4028729538993,35.4241884526275
1,2,3,10,11,13,21.5563849714256,38.2349038394885
1,2,3,10,12,13,27.4043264942239,33.6591210597377
1,2,3,11,12,13,25.6823690471238,35.2287450165365
1,2,4,5,6,7,24.2953398063447,33.988912678789
1,2,4,5,6,8,13.9752202529785,41.9185627907718
1,2,4,5,6,9,11.6297152354882,33.1026401465869
1,2,4,5,6,10,4.08353728175578,119.744423249439
1,2,4,5,6,11,19.1667620207478,36.706206493298
1,2,4,5,6,12,10.2900670365549,37.3386359054539
1,2,4,5,6,13,11.3344793073087,33.7344436586278
1,2,4,5,7,8,9.58328402074659,50.4250048722919
1,2,4,5,7,9,0.849999788502518,49.0569277982682
1,2,4,5,7,10,9.03159766866637,31.0304488491887
1,2,4,5,7,11,25.4806016629041,35.7778784318794
1,2,4,5,7,12,31.5574320909162,32.2266116985615
1,2,4,5,7,13,24.4844462737839,33.6411964289954
1,2,4,5,8,9,23.3399137067642,35.2555231673938
1,2,4,5,8,10,19.6831590003156,33.7619555596635
1,2,4,5,8,11,25.3618015914113,37.8719709427142
1,2,4,5,8,12,30.5536467968527,34.696698513765
1,2,4,5,8,13,20.2037894370076,35.752171320956
1,2,4,5,9,10,11.7273091935141,32.3451840245188
1,2,4,5,9,11,20.9910140784979,35.8360858721561
1,2,4,5,9,12,27.493303918936,33.6107874960815
1,2,4,5,9,13,12.3387557268417,30.6841964305288
1,2,4,5,10,11,19.6794578706637,34.6750265956138
1,2,4,5,10,12,22.6246558648368,31.931515767111
1,2,4,5,10,13,10.4256155158544,35.1624340364142
1,2,4,5,11,12,3.45060544390119,35.2346873388611
1,2,4,5,11,13,19.4995898235802,37.8222169481712
1,2,4,5,12,13,26.7553002883979,35.3588953996001
1,2,4,6,7,8,10.6169208063393,46.376407609207
1,2,4,6,7,9,30.4045413887787,30.170758210897
1,2,4,6,7,10,0.760738658156132,38.1557809792785
1,2,4,6,7,11,3.44797675083007,44.841650702377
1,2,4,6,7,12,0.798396767633272,42.0554562584269
1,2,4,6,7,13,25.7972816585707,31.4661495325536
1,2,4,6,8,9,24.6709640480733,31.8615206349957
1,2,4,6,8,10,24.069770841722,30.2047038842412
1,2,4,6,8,11,11.5063259702242,40.2816092604349
1,2,4,6,8,12,28.0100882100711,32.9930246945159
1,2,4,6,8,13,15.0598067011415,35.1958532544554
1,2,4,6,9,10,4.10714518220568,28.2293273073409
1,2,4,6,9,11,16.1353005832165,32.393339756755
1,2,4,6,9,12,25.2672120333182,30.6940115222514
1,2,4,6,9,13,0.692951672753959,43.2504151297222
1,2,4,6,10,11,18.9116663316526,31.0362640237474
1,2,4,6,10,12,22.4055584691377,29.023663790287
1,2,4,6,10,13,7.89215954704704,29.0777957293219
1,2,4,6,11,12,11.3428961528236,33.6262815013936
1,2,4,6,11,13,17.2215720746928,34.9004788297137
1,2,4,6,12,13,25.1243874256278,33.294744056527
1,2,4,7,8,9,20.3295432256494,34.8848976189007
1,2,4,7,8,10,29.0494043070737,30.2423342830632
1,2,4,7,8,11,13.5634737651312,45.0462972331024
1,2,4,7,8,12,5.40136191953049,47.2407284836744
1,2,4,7,8,13,20.3533770890675,33.4504918840568
1,2,4,7,9,10,30.7076240524514,27.2327143971729
1,2,4,7,9,11,6.42671302148513,38.1426988911473
1,2,4,7,9,12,30.5896341947145,29.8011988185108
1,2,4,7,9,13,26.07987735009,30.5172299455223
1,2,4,7,10,11,6.51097574680736,40.2446845564125
1,2,4,7,10,12,26.8683731356129,28.481168106921
1,2,4,7,10,13,17.5255677324536,30.3043347424475
1,2,4,7,11,12,24.376116868912,30.8261022694522
1,2,4,7,11,13,24.7210416224748,33.1140849058565
1,2,4,7,12,13,26.6384660140659,30.991457229345
1,2,4,8,9,10,2.84020620174853,43.5138967090144
1,2,4,8,9,11,22.2945957929291,35.0195657690983
1,2,4,8,9,12,31.6862776817983,32.1806322180423
1,2,4,8,9,13,23.5034163362589,34.3315136369145
1,2,4,8,10,11,26.2762743687112,33.7233858993268
1,2,4,8,10,12,28.5833684752532,30.8957910364448
1,2,4,8,10,13,0.475598957174606,43.9282926625129
1,2,4,8,11,12,28.2663134273714,33.860502174884
1,2,4,8,11,13,27.6440485089723,36.5485640231691
1,2,4,8,12,13,31.3359025729818,33.6048593892057
1,2,4,9,10,11,18.9120684650491,29.6010232119809
1,2,4,9,10,12,3.35189726360511,42.5635556829492
1,2,4,9,10,13,7.46715724709317,27.1309148630067
1,2,4,9,11,12,2.65107718074654,46.4803797879655
1,2,4,9,11,13,17.9669226971316,34.3474095452589
1,2,4,9,12,13,25.5647695831149,32.3408700681675
1,2,4,10,11,12,0.669833431347753,47.1201068742156
1,2,4,10,11,13,17.3887390626715,33.6675565085313
1,2,4,10,12,13,24.859297374909,30.8656526701878
1,2,4,11,12,13,25.4141693019804,33.7524224256034
1,2,5,6,7,8,11.6546155309405,45.2293493529017
1,2,5,6,7,9,27.1116094305446,36.9995888114111
1,2,5,6,7,10,2.10206715463462,42.8120171809365
1,2,5,6,7,11,1.3968045092078,58.0874523630005
1,2,5,6,7,12,27.2417000817938,35.2402508646677
1,2,5,6,7,13,0.690812527750335,48.7893116202652
1,2,5,6,8,9,21.0348749388806,39.9672398536789
1,2,5,6,8,10,2.16097756176781,47.5246020227475
1,2,5,6,8,11,13.6920944158438,44.2350344917767
1,2,5,6,8,12,27.4852704797287,39.1897991986912
1,2,5,6,8,13,4.86635363746067,43.5454077837865
1,2,5,6,9,10,10.0988132535057,36.6407369400125
1,2,5,6,9,11,15.7642431038445,41.7128254260483
1,2,5,6,9,12,23.9585190461026,37.6146920174832
1,2,5,6,9,13,10.0289779644194,40.9523104720302
1,2,5,6,10,11,2.79950037190566,45.7385415919614
1,2,5,6,10,12,15.7146564462622,38.5720986905007
1,2,5,6,10,13,10.9915485463918,40.0018856108335
1,2,5,6,11,12,24.2528666388927,39.5037885097518
1,2,5,6,11,13,0.527739211254226,57.3627681084772
1,2,5,6,12,13,22.4418775756564,37.6742679630863
1,2,5,7,8,9,17.792784194653,40.0057512559919
1,2,5,7,8,10,5.22760128056131,47.2246415787607
1,2,5,7,8,11,20.9660640383841,39.9751185972815
1,2,5,7,8,12,29.0546266015007,31.529791787652
1,2,5,7,8,13,0.85374542179464,55.8652470023133
1,2,5,7,9,10,18.8900587044848,36.2273406824834
1,2,5,7,9,11,25.4956248114932,38.2469315275302
1,2,5,7,9,12,29.5118683827755,34.6865159831858
1,2,5,7,9,13,23.0668561488778,34.8367768705516
1,2,5,7,10,11,5.67891401733613,47.8462678451052
1,2,5,7,10,12,32.7974177323329,33.7649944015807
1,2,5,7,10,13,0.68860680835299,46.4836480911664
1,2,5,7,11,12,24.2689833754288,33.5414939773693
1,2,5,7,11,13,15.7343955861614,40.0208682215231
1,2,5,7,12,13,25.7037025432872,33.5894290384659
1,2,5,8,9,10,16.388107286973,39.5734157972734
1,2,5,8,9,11,23.77132712434,41.7102395226637
1,2,5,8,9,12,26.8834786358598,37.9894813326904
1,2,5,8,9,13,22.823640981535,40.9933596784631
1,2,5,8,10,11,0.572192216438892,57.826705363978
1,2,5,8,10,12,23.8284515440761,37.9217841740051
1,2,5,8,10,13,5.18509623560537,48.289344475595
1,2,5,8,11,12,22.6643139034495,38.9812448452967
1,2,5,8,11,13,12.7986919750741,47.3322802484684
1,2,5,8,12,13,26.130068719394,39.4485096593088
1,2,5,9,10,11,17.9913970107068,38.1987026756141
1,2,5,9,10,12,23.190435120855,36.0436282421798
1,2,5,9,10,13,10.4905063495356,39.0355839872063
1,2,5,9,11,12,25.2663221372354,39.0204342171709
1,2,5,9,11,13,16.3755770942615,45.2647261427789
1,2,5,9,12,13,24.2258047020339,38.7747465735653
1,2,5,10,11,12,21.0167540407921,37.3193615526417
1,2,5,10,11,13,2.04800309756734,51.4847616460224
1,2,5,10,12,13,18.0233846401991,39.6606474731767
1,2,5,11,12,13,20.4103295476271,41.0102523898728
1,2,6,7,8,9,10.8434189826832,47.2857414366808
1,2,6,7,8,10,4.26701650109653,43.3535449545684
1,2,6,7,8,11,14.2618308754121,43.5691503272398
1,2,6,7,8,12,32.7170708340481,31.3436036329108
1,2,6,7,8,13,12.5936577462239,36.9265932094177
1,2,6,7,9,10,29.2767618221747,32.4124457340315
1,2,6,7,9,11,26.08451658322,36.7463713647652
1,2,6,7,9,12,0.783627782276273,44.2447914472939
1,2,6,7,9,13,27.1428233205718,34.604868070714
1,2,6,7,10,11,6.39324850145561,43.2891643722835
1,2,6,7,10,12,28.5830009814122,32.383239729598
1,2,6,7,10,13,0.73786099056756,43.9038216238834
1,2,6,7,11,12,16.9025928933103,31.3289144217455
1,2,6,7,11,13,3.25623929912788,50.276041505045
1,2,6,7,12,13,29.0277512353044,33.9457263445045
1,2,6,8,9,10,21.4814729153901,34.1385245728721
1,2,6,8,9,11,14.6365176540852,43.6610875018693
1,2,6,8,9,12,25.264055560343,36.540496146421
1,2,6,8,9,13,21.9899996062729,39.1000394449428
1,2,6,8,10,11,0.53144149852815,53.4997944537414
1,2,6,8,10,12,28.6718425607207,34.706827426541
1,2,6,8,10,13,0.526077736305876,46.7068138185658
1,2,6,8,11,12,20.6415833156782,38.3478127205125
1,2,6,8,11,13,11.6444847235504,46.0258462644003
1,2,6,8,12,13,29.5764529078965,37.2790091904835
1,2,6,9,10,11,17.1696202294497,35.0455583500463
1,2,6,9,10,12,22.6808868862846,32.9196131577402
1,2,6,9,10,13,5.70439157538712,36.8922790061743
1,2,6,9,11,12,23.2466288028902,37.5698989828842
1,2,6,9,11,13,14.9801057422395,44.2837815344878
1,2,6,9,12,13,23.303927886996,36.820082663534
1,2,6,10,11,12,27.9275742610873,36.2263712716331
1,2,6,10,11,13,17.4604244383371,38.6836055336167
1,2,6,10,12,13,22.4060926770837,35.8969681110649
1,2,6,11,12,13,22.4010294472714,38.028746117125
1,2,7,8,9,10,7.76682648725718,38.6189537739963
1,2,7,8,9,11,31.9243281748416,35.4322655287854
1,2,7,8,9,12,32.9231401740079,30.8644166335398
1,2,7,8,9,13,26.3241097116101,33.4413479822566
1,2,7,8,10,11,7.63361974303443,46.7909726126318
1,2,7,8,10,12,30.3625007635074,30.0130954882186
1,2,7,8,10,13,0.906759311135187,46.3213555095989
1,2,7,8,11,12,28.5877869116627,29.1469297170547
1,2,7,8,11,13,21.1164675979661,35.1623648242428
1,2,7,8,12,13,29.4913299053558,30.540441137907
1,2,7,9,10,11,24.4590262665171,34.4909335263083
1,2,7,9,10,12,27.7548095958988,31.6396762794856
1,2,7,9,10,13,10.5310401828435,29.2500834407774
1,2,7,9,11,12,32.6731466457226,33.45753534365
1,2,7,9,11,13,3.95184147968022,43.5162612225219
1,2,7,9,12,13,29.6722964836019,33.653622682012
1,2,7,10,11,12,29.2423189930327,32.5975979313633
1,2,7,10,11,13,13.8755690025664,32.8095449773303
1,2,7,10,12,13,28.1061912264501,32.6688118199857
1,2,7,11,12,13,24.6365882525443,33.3172104053386
1,2,8,9,10,11,14.646251621989,36.1580056467304
1,2,8,9,10,12,28.3308540240109,33.9662339095293
1,2,8,9,10,13,22.3912143640643,33.5147064899011
1,2,8,9,11,12,24.9870710283153,36.2671763856612
1,2,8,9,11,13,24.0795174048145,38.2202663053957
1,2,8,9,12,13,26.5442703150527,36.2236053786083
1,2,8,10,11,12,25.3254071949359,35.3856007396605
1,2,8,10,11,13,1.17533448230711,44.7129488993741
1,2,8,10,12,13,28.4297952379173,35.0344342854559
1,2,8,11,12,13,23.1733342906827,37.441825899828
1,2,9,10,11,12,0.721218630895713,46.7725312473453
1,2,9,10,11,13,15.1018745952416,32.1501817655131
1,2,9,10,12,13,23.2117651323931,33.862445497624
1,2,9,11,12,13,24.8164424763235,35.7004791371736
1,2,10,11,12,13,21.9957769987376,34.7193177712956
1,3,4,5,6,7,6.64575823803455,46.9453063803833
1,3,4,5,6,8,25.746959366688,37.8932615489566
1,3,4,5,6,9,26.0428137929495,39.3556881800119
1,3,4,5,6,10,23.2215175375087,37.0159783798296
1,3,4,5,6,11,27.2742437857113,40.0273753096088
1,3,4,5,6,12,0.695964057806218,71.2552118442365
1,3,4,5,6,13,23.4430396286961,38.381422709654
1,3,4,5,7,8,25.9712732403568,31.9138078117041
1,3,4,5,7,9,16.7148636475705,35.7351543762617
1,3,4,5,7,10,20.3661166563889,34.297505113959
1,3,4,5,7,11,33.5376823222293,34.7782931452556
1,3,4,5,7,12,34.882276047415,29.2507996965645
1,3,4,5,7,13,28.4511794227164,33.3089743282592
1,3,4,5,8,9,26.6125963835123,37.4577884212771
1,3,4,5,8,10,27.0799123855908,36.7296141324288
1,3,4,5,8,11,24.4249557649956,36.653468817299
1,3,4,5,8,12,25.9627019344858,33.0014451996794
1,3,4,5,8,13,25.0884622003988,32.9250808935507
1,3,4,5,9,10,25.8793760098078,36.2118646610362
1,3,4,5,9,11,5.56076036268249,72.9096648076821
1,3,4,5,9,12,4.25443595682011,55.1832189276225
1,3,4,5,9,13,5.23032459382817,50.8357059097721
1,3,4,5,10,11,22.9076369185386,41.3942244321405
1,3,4,5,10,12,31.4125972453804,35.0025440900894
1,3,4,5,10,13,23.9828948042247,36.4402834451849
1,3,4,5,11,12,31.0611770294052,35.5925760078697
1,3,4,5,11,13,24.2873264467877,39.141249102854
1,3,4,5,12,13,27.5960089090155,36.5309493254997
1,3,4,6,7,8,29.3721728863762,31.7924005783912
1,3,4,6,7,9,30.0828214685872,34.035245200462
1,3,4,6,7,10,6.01508009734302,48.0035573497688
1,3,4,6,7,11,4.70163473605924,58.2514911709441
1,3,4,6,7,12,1.48677576346147,68.0662507031495
1,3,4,6,7,13,31.4280856158684,32.7387519217522
1,3,4,6,8,9,27.9922653654936,36.8731790433666
1,3,4,6,8,10,12.9809203092137,39.8553234814576
1,3,4,6,8,11,30.4243530463021,37.1002467991639
1,3,4,6,8,12,27.268668815441,32.8924052292859
1,3,4,6,8,13,28.4296135846737,35.4590048456916
1,3,4,6,9,10,25.5070776457543,33.7202890050018
1,3,4,6,9,11,3.9422015651587,68.3591442981906
1,3,4,6,9,12,0.741316544412787,59.5049903037407
1,3,4,6,9,13,26.2932808385499,36.4971589165373
1,3,4,6,10,11,0.787446904035055,79.6329492091851
1,3,4,6,10,12,0.718828460976756,83.3865158399987
1,3,4,6,10,13,18.1728200115403,36.7473915746624
1,3,4,6,11,12,2.99221952914991,66.7902650442184
1,3,4,6,11,13,24.5943273073173,37.4301141679371
1,3,4,6,12,13,30.4403130571278,35.4543898989719
1,3,4,7,8,9,29.8111463572334,31.3342366459635
1,3,4,7,8,10,29.5681105992236,30.5143908299626
1,3,4,7,8,11,26.9370410777686,29.5052882655939
1,3,4,7,8,12,29.4675164596519,21.7596369058207
1,3,4,7,8,13,27.4071668647101,28.0901698113663
1,3,4,7,9,10,2.51268978239019,56.0822918833244
1,3,4,7,9,11,13.0825445815806,40.1616005820382
1,3,4,7,9,12,4.98126943756155,41.2285221975502
1,3,4,7,9,13,32.1843983483316,32.1903819406037
1,3,4,7,10,11,34.9321599164579,33.0998177251475
1,3,4,7,10,12,38.2437106931361,28.012580443585
1,3,4,7,10,13,31.2567340068982,31.258207386899
1,3,4,7,11,12,34.580393840081,26.4286302553548
1,3,4,7,11,13,31.2880396486242,31.4127592965789
1,3,4,7,12,13,30.7928771623802,28.2151368545982
1,3,4,8,9,10,4.45917224567994,42.3663697873809
1,3,4,8,9,11,31.1218041474266,36.6102567574036
1,3,4,8,9,12,30.9739224007455,32.2042807006679
1,3,4,8,9,13,27.9023903262441,34.9067631416868
1,3,4,8,10,11,32.3190212579392,35.7843390668178
1,3,4,8,10,12,28.2095291227003,31.3908228947477
1,3,4,8,10,13,25.5455812849938,33.9692382341992
1,3,4,8,11,12,27.3563205825641,30.5508702751376
1,3,4,8,11,13,22.1951665185037,33.7249264760541
1,3,4,8,12,13,26.5781058223263,31.8881655656094
1,3,4,9,10,11,3.57932466512142,64.9121560422219
1,3,4,9,10,12,30.7340946546065,32.9633404171963
1,3,4,9,10,13,9.04136807733154,34.5221296595298
1,3,4,9,11,12,6.15824381192525,54.1511495804364
1,3,4,9,11,13,26.8131600813333,36.8539440813125
1,3,4,9,12,13,30.1228765985737,34.8893110028138
1,3,4,10,11,12,34.3669012836902,33.8736589196211
1,3,4,10,11,13,25.1074876181868,36.0278413882992
1,3,4,10,12,13,28.1485475345272,33.9659477089579
1,3,4,11,12,13,4.05306775620956,63.6527606686096
1,3,5,6,7,8,25.2049716958898,33.7921618897124
1,3,5,6,7,9,20.6328259149168,38.305631974408
1,3,5,6,7,10,22.5580457784277,36.9452109318188
1,3,5,6,7,11,23.3154259082522,37.999227300254
1,3,5,6,7,12,23.2600882187668,31.1389796129286
1,3,5,6,7,13,26.7072510815467,35.476963438982
1,3,5,6,8,9,28.5749971685257,41.7180570599766
1,3,5,6,8,10,26.0569216633703,38.8944557792668
1,3,5,6,8,11,25.4851120584057,38.9347413265087
1,3,5,6,8,12,18.807414150696,36.235308775972
1,3,5,6,8,13,17.5591849355092,34.3929485675086
1,3,5,6,9,10,23.805734436575,40.9365884724648
1,3,5,6,9,11,11.1694060640818,58.6654603420267
1,3,5,6,9,12,0.580843892129493,59.901928222707
1,3,5,6,9,13,11.768443700497,51.2997665256736
1,3,5,6,10,11,19.4511930098787,48.5752221952786
1,3,5,6,10,12,28.3585408441875,38.8704921205943
1,3,5,6,10,13,23.1157382510098,39.5940616619705
1,3,5,6,11,12,22.0603394951896,41.1395788256673
1,3,5,6,11,13,23.310211303576,42.3680486388731
1,3,5,6,12,13,23.9828580190563,39.9280263064259
1,3,5,7,8,9,25.4949239112798,33.5255101633241
1,3,5,7,8,10,22.5858990230881,32.5444691648005
1,3,5,7,8,11,20.3162208055545,30.5755913033092
1,3,5,7,8,12,21.4291306272041,21.4705213666343
1,3,5,7,8,13,25.0732708774805,29.00249831874
1,3,5,7,9,10,28.9830056164086,36.504048047605
1,3,5,7,9,11,24.6865624746228,38.2333729203812
1,3,5,7,9,12,25.9809256085489,30.8889497446341
1,3,5,7,9,13,6.29403608250076,41.7392593633928
1,3,5,7,10,11,7.80537052640043,47.8005899946982
1,3,5,7,10,12,10.3652513854195,35.7074692951302
1,3,5,7,10,13,25.7899243096401,34.4774061024631
1,3,5,7,11,12,27.1344797284668,26.8101884819264
1,3,5,7,11,13,21.0373347048635,34.4077120162917
1,3,5,7,12,13,21.7488006416867,31.6490145254389
1,3,5,8,9,10,26.2288897542381,38.6496986918358
1,3,5,8,9,11,23.5569113790852,39.0591176127838
1,3,5,8,9,12,25.7429112597881,35.7488901781044
1,3,5,8,9,13,19.6288623416172,32.296114971938
1,3,5,8,10,11,23.7301326068946,39.5920781552649
1,3,5,8,10,12,21.217474310535,34.2213815330992
1,3,5,8,10,13,25.0302026907442,34.2488654215063
1,3,5,8,11,12,20.129677107617,31.6580474382719
1,3,5,8,11,13,24.5797923580276,33.8009659019778
1,3,5,8,12,13,18.7688482486356,32.6745122495664
1,3,5,9,10,11,24.9780147483455,42.9981016489449
1,3,5,9,10,12,27.8254757143891,38.8639088662312
1,3,5,9,10,13,23.9247442877009,39.079276584383
1,3,5,9,11,12,23.620339825672,39.7669576364942
1,3,5,9,11,13,20.3356630127715,40.871821780902
1,3,5,9,12,13,22.7657971241626,39.8856622502968
1,3,5,10,11,12,29.3459832876593,36.9039449394627
1,3,5,10,11,13,25.1801048102298,40.0258451772414
1,3,5,10,12,13,26.785774600867,37.8044136572256
1,3,5,11,12,13,19.6658415753027,42.8556369009788
1,3,6,7,8,9,13.0790201133412,34.0843812776774
1,3,6,7,8,10,24.8917679172715,32.8700982866137
1,3,6,7,8,11,20.7092208407342,31.8336550283278
1,3,6,7,8,12,21.1264655520543,23.5207704729686
1,3,6,7,8,13,3.05367748789463,39.7405131607219
1,3,6,7,9,10,24.7186750247822,35.5235020796092
1,3,6,7,9,11,7.27756167395351,51.6405444460658
1,3,6,7,9,12,19.7353281337362,34.6789578892724
1,3,6,7,9,13,0.834918970431855,48.8544725177515
1,3,6,7,10,11,11.5091042431362,44.5733313176911
1,3,6,7,10,12,26.6397424207697,30.543541555773
1,3,6,7,10,13,29.5017375918753,34.0643390117538
1,3,6,7,11,12,20.7021326838855,28.4759595419941
1,3,6,7,11,13,25.8784824343953,33.4180872542099
1,3,6,7,12,13,25.5834495431248,30.3975737297359
1,3,6,8,9,10,18.1645936433822,39.6043168338722
1,3,6,8,9,11,26.866055433969,40.7100652387136
1,3,6,8,9,12,24.0774723595085,36.541084911961
1,3,6,8,9,13,4.77792704413683,42.5848268557491
1,3,6,8,10,11,28.3409469371979,38.2856768718039
1,3,6,8,10,12,20.9301964683652,36.2853585068244
1,3,6,8,10,13,28.2174420539049,36.3405792354787
1,3,6,8,11,12,19.1178336192959,35.0962205802811
1,3,6,8,11,13,22.6839837838489,37.1530828583528
1,3,6,8,12,13,22.3699682914759,33.9400361894782
1,3,6,9,10,11,0.610124515107908,60.0337806599206
1,3,6,9,10,12,28.0736864547266,37.8344851213965
1,3,6,9,10,13,17.9434979751503,36.0887170518734
1,3,6,9,11,12,5.95800651181067,51.7047081816228
1,3,6,9,11,13,22.5570614915586,40.4018460719936
1,3,6,9,12,13,27.1620781543792,38.3348280829996
1,3,6,10,11,12,26.6415975065611,37.7698219206203
1,3,6,10,11,13,25.7262490284686,39.2915107390006
1,3,6,10,12,13,27.7049767802158,37.0411071960071
1,3,6,11,12,13,25.0919459264825,39.6448751993388
1,3,7,8,9,10,27.0233423410059,32.5866389682408
1,3,7,8,9,11,24.9765044782826,31.0119042318601
1,3,7,8,9,12,26.1615706632134,23.3801074424143
1,3,7,8,9,13,28.7012572674656,29.8023704318884
1,3,7,8,10,11,22.749073802779,30.4538706630289
1,3,7,8,10,12,23.6975687691432,22.8935441428865
1,3,7,8,10,13,22.8969926067513,28.760081379107
1,3,7,8,11,12,18.6274632135636,15.1281255732327
1,3,7,8,11,13,19.7473487000098,25.7623240764287
1,3,7,8,12,13,21.040762220319,20.3170292578662
1,3,7,9,10,11,18.5222731833321,35.2240870419707
1,3,7,9,10,12,32.2037394690476,30.1415806718943
1,3,7,9,10,13,30.059376247281,33.568761801961
1,3,7,9,11,12,24.0313567791246,27.9792896691904
1,3,7,9,11,13,23.1436028303466,32.6202986232019
1,3,7,9,12,13,28.1128918858488,29.9457302512825
1,3,7,10,11,12,33.9597261683654,27.4836064366187
1,3,7,10,11,13,28.4611573417833,32.5283213660776
1,3,7,10,12,13,27.974547735713,29.360373360396
1,3,7,11,12,13,21.7764149963773,28.4921937556607
1,3,8,9,10,11,29.1699915833847,37.8386496235994
1,3,8,9,10,12,26.7037342215909,34.0399425227211
1,3,8,9,10,13,27.6443895474428,36.2529651816013
1,3,8,9,11,12,25.9746271814255,32.4143184311448
1,3,8,9,11,13,26.4963133595752,35.7636301703195
1,3,8,9,12,13,25.2961891067064,33.4531855589083
1,3,8,10,11,12,22.1778438854985,32.2876125353694
1,3,8,10,11,13,24.0684086826309,34.3412586893805
1,3,8,10,12,13,16.8635810938267,31.7913403725115
1,3,8,11,12,13,20.529828311069,38.9346071813231
1,3,9,10,11,12,28.5329443322811,36.973190048557
1,3,9,10,11,13,21.5733468860417,35.7754392974643
1,3,9,10,12,13,27.2603657464126,36.6724712792458
1,3,9,11,12,13,21.2230664763107,40.7654028390968
1,3,10,11,12,13,24.0944889746329,37.6793613795036
1,4,5,6,7,8,2.45106694248639,52.7447720109959
1,4,5,6,7,9,0.847727507823575,53.8827849268307
1,4,5,6,7,10,0.697458822658548,60.8097448767586
1,4,5,6,7,11,12.5716891249878,40.9675413320698
1,4,5,6,7,12,11.0074706415659,39.6433547006393
1,4,5,6,7,13,4.973928540908,53.1088397657786
1,4,5,6,8,9,1.19716566875655,60.2248652947621
1,4,5,6,8,10,15.6122481475058,40.1833409597958
1,4,5,6,8,11,26.3869324001373,41.3066353512799
1,4,5,6,8,12,31.7337260123249,38.2422788689772
1,4,5,6,8,13,19.8624041310166,36.4525923237932
1,4,5,6,9,10,10.3930367665446,40.0013517748374
1,4,5,6,9,11,17.7407102347866,41.7681207067109
1,4,5,6,9,12,0.773901815167183,62.2686611185826
1,4,5,6,9,13,11.5153930715835,40.3431159836452
1,4,5,6,10,11,1.70537799117165,67.8026111186909
1,4,5,6,10,12,17.5362201773764,37.418729525806
1,4,5,6,10,13,4.15741089836071,53.7636014524465
1,4,5,6,11,12,27.9728426303659,39.9894821159991
1,4,5,6,11,13,18.218390949572,43.0110066534189
1,4,5,6,12,13,27.4215338988768,41.4384045955889
1,4,5,7,8,9,8.89670629702364,48.4623255217225
1,4,5,7,8,10,12.3881650457882,39.5296057049434
1,4,5,7,8,11,23.13079579375,37.042207029862
1,4,5,7,8,12,25.2917821663637,32.034530660384
1,4,5,7,8,13,6.15465011447507,52.6605810198755
1,4,5,7,9,10,28.7105802108558,35.7595421808763
1,4,5,7,9,11,0.809602869678019,87.1179644816434
1,4,5,7,9,12,1.08554486612159,47.0007911136053
1,4,5,7,9,13,10.1086851832437,47.8536134281502
1,4,5,7,10,11,0.799789945116363,94.0706330547761
1,4,5,7,10,12,27.3525567943342,34.3902269349044
1,4,5,7,10,13,5.18088416418983,52.8664435837331
1,4,5,7,11,12,11.7751847017228,41.9553720060827
1,4,5,7,11,13,16.0129572767029,45.6380912038503
1,4,5,7,12,13,2.86187122050165,55.7084243128076
1,4,5,8,9,10,22.297176564399,38.4597123796233
1,4,5,8,9,11,11.8333777384783,46.1183460151718
1,4,5,8,9,12,6.43565551172395,41.6952162579856
1,4,5,8,9,13,24.2268688009575,37.8296119160698
1,4,5,8,10,11,20.7507841754478,41.5856380897357
1,4,5,8,10,12,28.6650979853907,36.8113237730971
1,4,5,8,10,13,11.8031060293324,38.9468102905036
1,4,5,8,11,12,15.2761406420291,43.7190378407717
1,4,5,8,11,13,7.08541429004657,51.0743020710243
1,4,5,8,12,13,3.3539764068967,55.6363726403941
1,4,5,9,10,11,18.2487624480075,38.4382858978252
1,4,5,9,10,12,27.4249176364683,36.2766713206106
1,4,5,9,10,13,10.267435403114,55.3759371632457
1,4,5,9,11,12,4.13372590322495,62.2582082933435
1,4,5,9,11,13,19.8644906099491,44.7491273853357
1,4,5,9,12,13,14.4983307631202,53.5677760533562
1,4,5,10,11,12,7.30270148605665,56.9571393069143
1,4,5,10,11,13,14.7641556870336,45.0442757544349
1,4,5,10,12,13,1.83475693177298,81.8523844466613
1,4,5,11,12,13,5.13141613268218,67.2320924419342
1,4,6,7,8,9,0.849796954712632,51.000250878124
1,4,6,7,8,10,15.9207214354139,34.5391052396894
1,4,6,7,8,11,9.75978809118813,44.4332075880756
1,4,6,7,8,12,21.1598269978821,32.7674856968778
1,4,6,7,8,13,0.984531848848779,52.0328218514134
1,4,6,7,9,10,0.713264204106947,52.2761350481225
1,4,6,7,9,11,30.3830284856069,37.4057849415804
1,4,6,7,9,12,17.064260625942,32.6797400821454
1,4,6,7,9,13,25.1881910015577,35.3272689223685
1,4,6,7,10,11,3.27266800110906,57.1269631749016
1,4,6,7,10,12,0.611585411855117,75.5800641088989
1,4,6,7,10,13,18.4683471608124,33.1456995781124
1,4,6,7,11,12,3.55413037002091,48.3875974994889
1,4,6,7,11,13,9.60031515136754,47.3924515086856
1,4,6,7,12,13,0.818993050222368,59.2112065193556
1,4,6,8,9,10,12.0792255854325,37.7553925491041
1,4,6,8,9,11,26.2219858071654,39.3110434210396
1,4,6,8,9,12,13.9607818783506,29.5267040713488
1,4,6,8,9,13,9.82811109819793,50.9283902443511
1,4,6,8,10,11,5.24702422050356,50.8895887045768
1,4,6,8,10,12,27.9138656058674,35.3920053035068
1,4,6,8,10,13,16.2402802567018,34.4637507498592
1,4,6,8,11,12,31.8592528497028,37.1898337419242
1,4,6,8,11,13,26.5365087882215,38.6882082700355
1,4,6,8,12,13,0.769278350158908,59.3812532989151
1,4,6,9,10,11,16.9111672229696,35.6958908408228
1,4,6,9,10,12,22.8498552250238,33.7827749017572
1,4,6,9,10,13,6.21532583801995,38.8382162906364
1,4,6,9,11,12,27.7904415314771,37.9650565581858
1,4,6,9,11,13,15.4922455441494,47.5386705007557
1,4,6,9,12,13,0.719627814161217,62.8394307612209
1,4,6,10,11,12,0.56852223056537,70.3320470061199
1,4,6,10,11,13,16.7306360518363,38.8957373806252
1,4,6,10,12,13,26.086889593261,35.994569907407
1,4,6,11,12,13,28.5961500814228,38.9050686234772
1,4,7,8,9,10,0.964451012136761,49.7840106843195
1,4,7,8,9,11,34.0259547674743,35.9941300268436
1,4,7,8,9,12,13.0426603834794,39.6368036684286
1,4,7,8,9,13,8.73792035603865,38.2822725910173
1,4,7,8,10,11,18.4378687099324,34.9582002996409
1,4,7,8,10,12,33.6665956625844,30.6288412501441
1,4,7,8,10,13,11.4477069328346,31.9287533869614
1,4,7,8,11,12,24.3663980332407,29.6426394272423
1,4,7,8,11,13,24.2218733727229,33.8727697810423
1,4,7,8,12,13,0.781650905702625,51.5205615276233
1,4,7,9,10,11,0.872745667720196,57.838971661977
1,4,7,9,10,12,5.51734764942702,46.8132202645858
1,4,7,9,10,13,0.651130221427659,53.8351295880688
1,4,7,9,11,12,0.941560593532493,61.3716644129822
1,4,7,9,11,13,8.69854890067793,49.3720434795367
1,4,7,9,12,13,0.877200135318162,55.6579394589092
1,4,7,10,11,12,1.04941211430857,50.7112603080844
1,4,7,10,11,13,7.3070094472143,45.5069866555955
1,4,7,10,12,13,2.40528238895585,57.4428662639718
1,4,7,11,12,13,10.4210609637917,47.9869357917475
1,4,8,9,10,11,10.8757646055652,40.7669757948428
1,4,8,9,10,12,29.3235972374293,34.6772982349093
1,4,8,9,10,13,1.92975663827147,37.2042276009015
1,4,8,9,11,12,3.46471222168483,67.1447263998262
1,4,8,9,11,13,9.77902806421254,46.1711549079479
1,4,8,9,12,13,0.818525007165762,61.5356172142518
1,4,8,10,11,12,29.9101317230343,35.8738335984414
1,4,8,10,11,13,20.7805094810491,36.9925814207339
1,4,8,10,12,13,26.3744349522026,35.7921101216286
1,4,8,11,12,13,5.24312019544435,59.6468626917484
1,4,9,10,11,12,0.79370859115,72.7081645361791
1,4,9,10,11,13,15.9633345897909,39.2911799734239
1,4,9,10,12,13,26.4211253796793,35.1265620311124
1,4,9,11,12,13,0.528800952738048,67.0089968164205
1,4,10,11,12,13,7.44059162154867,54.2528419050664
1,5,6,7,8,9,0.816038915824736,54.7737175370597
1,5,6,7,8,10,7.74826219322246,47.619993221307
1,5,6,7,8,11,10.803515080762,46.3447826740859
1,5,6,7,8,12,13.4199622011406,39.029711006782
1,5,6,7,8,13,4.33687088200814,54.9847644696335
1,5,6,7,9,10,25.9695612761307,39.2744585354096
1,5,6,7,9,11,1.77673283468138,65.6104545942065
1,5,6,7,9,12,8.41511050956381,48.3574087423957
1,5,6,7,9,13,25.2034347669053,39.9172901995094
1,5,6,7,10,11,2.89459558507159,63.3769819377885
1,5,6,7,10,12,29.0758610021484,37.0806865972616
1,5,6,7,10,13,0.558080472009253,78.992703642425
1,5,6,7,11,12,1.38231116180054,55.4187286572954
1,5,6,7,11,13,7.46825191523577,61.7323445394279
1,5,6,7,12,13,29.6214563748397,40.6295468532139
1,5,6,8,9,10,19.0534768939141,42.8242089335352
1,5,6,8,9,11,20.2359160070767,46.0057535356106
1,5,6,8,9,12,6.83603115032737,51.1254577928439
1,5,6,8,9,13,21.2627431768029,42.1614840492119
1,5,6,8,10,11,11.480665568126,49.372808578663
1,5,6,8,10,12,25.1260342464387,40.5567006973535
1,5,6,8,10,13,3.78862363923821,49.8810541791113
1,5,6,8,11,12,20.8826152772834,43.2943720415836
1,5,6,8,11,13,8.18077622448022,53.1070204352236
1,5,6,8,12,13,26.2557705943728,43.032568013436
1,5,6,9,10,11,15.5596929739219,46.9575453842855
1,5,6,9,10,12,18.4249274312259,46.7545035501792
1,5,6,9,10,13,9.22263480294433,66.3060657817794
1,5,6,9,11,12,2.87344856030922,66.3569521268583
1,5,6,9,11,13,13.7643518788366,57.3008036029218
1,5,6,9,12,13,0.662625137612842,74.0944032507132
1,5,6,10,11,12,0.650925059174547,69.8258285150917
1,5,6,10,11,13,16.8614062567379,48.2910593861462
1,5,6,10,12,13,22.784643827028,47.8318825060951
1,5,6,11,12,13,20.0439681815578,53.6003862148521
1,5,7,8,9,10,13.1563732144995,44.3952588948536
1,5,7,8,9,11,22.5353051464455,40.1644501844341
1,5,7,8,9,12,24.0100346704435,33.8439289236806
1,5,7,8,9,13,15.502566680808,52.8698383566428
1,5,7,8,10,11,29.9638565398383,38.0353307765838
1,5,7,8,10,12,25.3629523852486,33.0907569251226
1,5,7,8,10,13,4.3157187530016,54.9335249423085
1,5,7,8,11,12,26.8776869962703,30.3350918438408
1,5,7,8,11,13,27.1700102991519,36.8419007104925
1,5,7,8,12,13,28.3305464628667,34.7270041020157
1,5,7,9,10,11,4.66777026907433,63.9793457775032
1,5,7,9,10,12,28.0244589110266,36.5940431024074
1,5,7,9,10,13,0.549224201554825,63.8618609645141
1,5,7,9,11,12,5.33862963329317,53.7533758908436
1,5,7,9,11,13,26.8539677979996,41.1638012125088
1,5,7,9,12,13,17.9749313239073,51.054370382458
1,5,7,10,11,12,3.22370480135073,57.3808968836414
1,5,7,10,11,13,7.42946701449258,59.322868449596
1,5,7,10,12,13,31.3471038760229,39.0466909814332
1,5,7,11,12,13,7.80639280086865,56.5737654164278
1,5,8,9,10,11,21.4372020180093,45.2371760837184
1,5,8,9,10,12,26.7929478024361,40.1030486940269
1,5,8,9,10,13,20.721966875209,40.3279673282748
1,5,8,9,11,12,9.94078790368886,53.9078557670477
1,5,8,9,11,13,9.74016057017077,48.168200662661
1,5,8,9,12,13,10.5542151351681,58.0061644850945
1,5,8,10,11,12,24.8025043616767,40.8203588465098
1,5,8,10,11,13,4.0757766943334,50.0104688588277
1,5,8,10,12,13,25.2852545386645,43.0963468793295
1,5,8,11,12,13,13.0262851806107,59.401746357178
1,5,9,10,11,12,7.87186073572414,57.6749847671077
1,5,9,10,11,13,15.6233880595653,51.5223482200483
1,5,9,10,12,13,24.4706410372953,46.1790921355702
1,5,9,11,12,13,22.1112449220575,48.1613179090503
1,5,10,11,12,13,16.4129536855633,52.6108380602215
1,6,7,8,9,10,27.5552637340901,37.2723416864043
1,6,7,8,9,11,27.3598603495402,38.3632266032983
1,6,7,8,9,12,11.119834798741,41.2885358050025
1,6,7,8,9,13,6.00075702713754,42.616915695553
1,6,7,8,10,11,15.1702483392985,39.9652406791509
1,6,7,8,10,12,29.5383057213882,33.1079084682152
1,6,7,8,10,13,16.8285034316987,36.0436887999844
1,6,7,8,11,12,26.6751460843179,31.3591646072813
1,6,7,8,11,13,11.156216333757,39.7935181544092
1,6,7,8,12,13,22.6928030481003,37.4211221995195
1,6,7,9,10,11,3.53644946460197,53.928343010233
1,6,7,9,10,12,26.7712277811372,35.6092391989288
1,6,7,9,10,13,25.8341062035882,36.9616157277472
1,6,7,9,11,12,10.6209298587617,46.5443093141183
1,6,7,9,11,13,26.8721261523461,40.298397667056
1,6,7,9,12,13,4.92293610264373,53.8634638888238
1,6,7,10,11,12,0.792898236217503,59.6769345592737
1,6,7,10,11,13,4.94676482419202,59.0376376577588
1,6,7,10,12,13,28.7765622642367,37.8585977545876
1,6,7,11,12,13,25.6775875470747,40.5666607505809
1,6,8,9,10,11,16.2418385394544,40.8471371450732
1,6,8,9,10,12,25.5746869570629,37.8328841664202
1,6,8,9,10,13,20.6907937198623,38.7362357784296
1,6,8,9,11,12,9.67412770883986,42.9703726815465
1,6,8,9,11,13,21.1626263557599,47.7754209246564
1,6,8,9,12,13,0.75214692257061,54.7557703521227
1,6,8,10,11,12,22.8756371542697,38.2949053934433
1,6,8,10,11,13,6.49281627445555,49.3317856211103
1,6,8,10,12,13,25.0575952936872,40.2623178694601
1,6,8,11,12,13,24.1699461393941,46.5031508109552
1,6,9,10,11,12,3.33641422092357,64.9040651752027
1,6,9,10,11,13,13.2971410336931,45.8960158101515
1,6,9,10,12,13,18.232083264845,42.8122819994523
1,6,9,11,12,13,0.513541304918446,60.7794717870905
1,6,10,11,12,13,22.0392333797137,44.4766959705733
1,7,8,9,10,11,29.945713962349,37.2278525712183
1,7,8,9,10,12,30.5148220243464,32.6984998215644
1,7,8,9,10,13,5.35686587832733,41.0559873230054
1,7,8,9,11,12,23.0665930840064,31.1497989944403
1,7,8,9,11,13,27.5764924206635,35.5939584858265
1,7,8,9,12,13,5.87604790618062,49.6922782355295
1,7,8,10,11,12,21.4509556493444,31.1010195918048
1,7,8,10,11,13,0.534054656025052,65.495169270634
1,7,8,10,12,13,26.8745645793893,32.8569074708684
1,7,8,11,12,13,24.4205391688088,32.7093903636288
1,7,9,10,11,12,0.8569100012443,54.4127330932888
1,7,9,10,11,13,10.7428456907497,43.2875369094944
1,7,9,10,12,13,29.4539734908146,35.8400504301588
1,7,9,11,12,13,28.1332475541935,36.4531597822709
1,7,10,11,12,13,17.8205257562731,40.034087735231
1,8,9,10,11,12,28.3810191632316,37.9273173671532
1,8,9,10,11,13,22.1062816556185,39.4073045691874
1,8,9,10,12,13,25.4620632670758,38.1905868406251
1,8,9,11,12,13,14.3015935076162,48.0767460762138
1,8,10,11,12,13,25.8067843364066,39.3960618868313
1,9,10,11,12,13,23.784533719205,39.5656719065963
2,3,4,5,6,7,31.996764922394,32.9964502324642
2,3,4,5,6,8,24.2594760631042,35.3812268025509
2,3,4,5,6,9,27.8541466302859,34.7357737320776
2,3,4,5,6,10,28.4494007491221,33.4150841017332
2,3,4,5,6,11,29.2551713827229,37.3660180333849
2,3,4,5,6,12,27.7331979334511,34.0265074115486
2,3,4,5,6,13,24.1117323810525,35.1576868532606
2,3,4,5,7,8,33.8292034483258,29.6246235541
2,3,4,5,7,9,32.7806663284112,32.3541129212336
2,3,4,5,7,10,35.8513549433119,31.2985185098355
2,3,4,5,7,11,30.8417282193491,32.5002554150089
2,3,4,5,7,12,29.0439084188129,26.8777204982802
2,3,4,5,7,13,29.3846332094177,30.7832152041425
2,3,4,5,8,9,17.8272037048904,40.376174887358
2,3,4,5,8,10,27.9685140851177,33.793771109142
2,3,4,5,8,11,31.9373444825313,35.3962199309519
2,3,4,5,8,12,28.0474299548385,30.5744297155856
2,3,4,5,8,13,28.8076675440909,33.6343536810844
2,3,4,5,9,10,26.2016485108821,32.4582992630822
2,3,4,5,9,11,0.657177259538065,66.7546397362166
2,3,4,5,9,12,30.7981359870876,33.0760464058187
2,3,4,5,9,13,24.4707413089386,34.4239727629588
2,3,4,5,10,11,30.6065429872515,36.0044569323693
2,3,4,5,10,12,16.0537908119704,38.5421609066101
2,3,4,5,10,13,26.9738195645962,33.9819479892415
2,3,4,5,11,12,29.790910461615,33.3318939550558
2,3,4,5,11,13,24.9193857095357,36.7293488193648
2,3,4,5,12,13,25.6404734937007,34.0301210084104
2,3,4,6,7,8,27.4535562808712,29.1775574493945
2,3,4,6,7,9,19.7598240815516,32.5428814647384
2,3,4,6,7,10,3.84810987901577,47.714561909573
2,3,4,6,7,11,6.64899878237071,46.4174530149685
2,3,4,6,7,12,36.6658443432337,26.590548007292
2,3,4,6,7,13,28.6177379373052,29.8561614644956
2,3,4,6,8,9,3.35652129970054,91.9906631083642
2,3,4,6,8,10,2.97538729611524,106.611609091557
2,3,4,6,8,11,4.48312888485608,71.3634233641566
2,3,4,6,8,12,28.6099902875796,30.0810590410282
2,3,4,6,8,13,31.5915111511392,32.6600198996114
2,3,4,6,9,10,8.11696439996155,46.5790047784673
2,3,4,6,9,11,13.1453884209978,51.28718125037
2,3,4,6,9,12,33.5918999486778,31.4937727641503
2,3,4,6,9,13,26.473584802947,32.2797371861985
2,3,4,6,10,11,3.81743034034437,49.1803588186762
2,3,4,6,10,12,11.9099608034103,43.3295272350625
2,3,4,6,10,13,26.2353339355986,30.9247216548701
2,3,4,6,11,12,10.1853688808216,45.3594815150758
2,3,4,6,11,13,25.7933930418129,34.7830207843267
2,3,4,6,12,13,29.5355067377489,32.6291442377695
2,3,4,7,8,9,35.463787797615,28.6053206427368
2,3,4,7,8,10,17.0776453916898,28.5134069883753
2,3,4,7,8,11,22.6563549117947,27.3177244040134
2,3,4,7,8,12,35.3373810535763,19.1911315042767
2,3,4,7,8,13,29.2004142621712,25.5967060650677
2,3,4,7,9,10,18.4829422157092,31.1382322585714
2,3,4,7,9,11,0.796450183650004,57.6018739002887
2,3,4,7,9,12,37.6464365007668,26.0083312065712
2,3,4,7,9,13,33.9163479735945,29.182906781105
2,3,4,7,10,11,36.9571559023278,30.2391444953659
2,3,4,7,10,12,38.3172957275778,24.9715485669911
2,3,4,7,10,13,35.6643493840093,28.058244688085
2,3,4,7,11,12,34.6338279637655,24.1018663920303
2,3,4,7,11,13,1.91623358360428,40.660514784172
2,3,4,7,12,13,23.1059000423347,25.7009549328113
2,3,4,8,9,10,1.71711005646288,54.9235912668975
2,3,4,8,9,11,5.73904099013642,54.1292402421401
2,3,4,8,9,12,30.2460073003567,29.5125810146718
2,3,4,8,9,13,24.4214898622068,32.0411293243742
2,3,4,8,10,11,8.53001581288644,48.1656645334904
2,3,4,8,10,12,32.8277956378976,28.5311884072663
2,3,4,8,10,13,32.2964107682652,30.9061356662562
2,3,4,8,11,12,31.3434917866569,28.382292299417
2,3,4,8,11,13,26.3810939884925,32.3382302181402
2,3,4,8,12,13,22.6440429776741,28.8568387855378
2,3,4,9,10,11,4.42162313970547,48.5743032521529
2,3,4,9,10,12,9.996102454595,41.3866845797585
2,3,4,9,10,13,26.9634401957713,29.8996961809171
2,3,4,9,11,12,21.3763862761091,34.8225367773946
2,3,4,9,11,13,25.6353076342308,33.9258204898411
2,3,4,9,12,13,28.9265157203385,31.9422120157869
2,3,4,10,11,12,8.53757043171493,40.4833216495702
2,3,4,10,11,13,29.990494165075,33.0864901539989
2,3,4,10,12,13,30.9875102274693,30.8538159760276
2,3,4,11,12,13,29.4756212415235,31.9332205455589
2,3,5,6,7,8,27.4940018665301,31.8900543739719
2,3,5,6,7,9,20.5754143033105,38.4155026092266
2,3,5,6,7,10,30.9542533390314,34.1852465841587
2,3,5,6,7,11,27.32485567873,35.2852944253225
2,3,5,6,7,12,26.8905029931715,29.1954927813201
2,3,5,6,7,13,23.9681017926039,36.1377130316115
2,3,5,6,8,9,30.0517973438642,43.5693065205783
2,3,5,6,8,10,29.5773584729075,36.9658169539804
2,3,5,6,8,11,28.389278523778,38.7218380285726
2,3,5,6,8,12,20.8368494474694,35.6186168363049
2,3,5,6,8,13,29.3406291317875,34.6520680269291
2,3,5,6,9,10,27.0493264062582,36.9959988531922
2,3,5,6,9,11,27.1671825930828,41.6696390919296
2,3,5,6,9,12,25.7797051933466,39.1038735023215
2,3,5,6,9,13,25.427719809843,37.5925981401324
2,3,5,6,10,11,4.34104165995503,57.0791676655875
2,3,5,6,10,12,25.4445670733351,37.0133796880267
2,3,5,6,10,13,4.07757299077125,43.9291168670083
2,3,5,6,11,12,23.3358949570338,38.1450162132893
2,3,5,6,11,13,21.1265547780073,40.2888295768416
2,3,5,6,12,13,23.5982532428016,37.4336011545977
2,3,5,7,8,9,28.6407585441674,31.5417509535887
2,3,5,7,8,10,32.507961705985,30.8674406478851
2,3,5,7,8,11,24.165679782963,28.6623633871459
2,3,5,7,8,12,22.8006883368123,19.7558410733361
2,3,5,7,8,13,23.1781231010794,26.886552960089
2,3,5,7,9,10,24.1696807023114,36.0592875935995
2,3,5,7,9,11,28.7356141753938,34.8240162657188
2,3,5,7,9,12,30.1716335635417,28.856971817032
2,3,5,7,9,13,26.2155218339224,33.0378766310218
2,3,5,7,10,11,18.5379262022465,39.2579275264774
2,3,5,7,10,12,31.1486545728103,28.1731208477966
2,3,5,7,10,13,30.2125477556027,32.1461247447768
2,3,5,7,11,12,24.892001030256,25.2132090670737
2,3,5,7,11,13,27.3676835585206,31.4215049390306
2,3,5,7,12,13,22.8485719547293,27.803254852667
2,3,5,8,9,10,31.6130449112509,36.3209066339583
2,3,5,8,9,11,22.193182630277,40.0667334968828
2,3,5,8,9,12,23.7785949520439,34.2868116748456
2,3,5,8,9,13,29.6096053822834,35.4587004300059
2,3,5,8,10,11,30.5612181503669,38.0914088261332
2,3,5,8,10,12,26.9240574247198,31.8863555961015
2,3,5,8,10,13,28.777713581945,34.7178845700818
2,3,5,8,11,12,19.2180321576617,30.5747215526098
2,3,5,8,11,13,25.0651893914367,33.6190502873948
2,3,5,8,12,13,19.6683992591619,30.0438183601809
2,3,5,9,10,11,28.7604872485479,39.507203447429
2,3,5,9,10,12,27.4890459705237,36.0497430779175
2,3,5,9,10,13,24.7378101467114,36.9412567303764
2,3,5,9,11,12,27.9412618273377,36.227328996466
2,3,5,9,11,13,23.9476751444878,38.535555366171
2,3,5,9,12,13,22.5470296322973,36.9221091138185
2,3,5,10,11,12,26.7003610296882,35.2013553330663
2,3,5,10,11,13,11.9548723141019,41.4151564697877
2,3,5,10,12,13,26.1708437526188,35.3340035847896
2,3,5,11,12,13,19.768115959247,39.8748708154248
2,3,6,7,8,9,32.1475237227514,31.3910180136122
2,3,6,7,8,10,32.9902967883001,30.591828717836
2,3,6,7,8,11,0.783430959708438,53.6974353328455
2,3,6,7,8,12,26.3802661244426,21.5402540583429
2,3,6,7,8,13,29.7186150352454,28.0352416338684
2,3,6,7,9,10,5.13688285399644,43.4608614035646
2,3,6,7,9,11,32.4367809860365,34.0237339084614
2,3,6,7,9,12,21.0964135766544,31.0102085182974
2,3,6,7,9,13,30.9794482945845,32.3184433251958
2,3,6,7,10,11,29.1543226567007,33.1390311427645
2,3,6,7,10,12,34.4956805874984,28.0663441974388
2,3,6,7,10,13,33.1464995949868,31.4087078587509
2,3,6,7,11,12,29.1369116493653,26.3010427206729
2,3,6,7,11,13,28.6505452833168,31.4078045150946
2,3,6,7,12,13,28.988714211098,28.1671582563563
2,3,6,8,9,10,0.66849391952839,83.5602126779728
2,3,6,8,9,11,7.98569193720932,73.3229859362426
2,3,6,8,9,12,23.8480882886975,35.6461637630956
2,3,6,8,9,13,32.0746142590173,34.614834661923
2,3,6,8,10,11,15.0842571252878,45.9278178543316
2,3,6,8,10,12,27.0834736221133,31.8137995414539
2,3,6,8,10,13,31.5363235107628,34.0336666017578
2,3,6,8,11,12,22.5743483174121,31.3194936075323
2,3,6,8,11,13,27.3526419313241,34.3101127943195
2,3,6,8,12,13,21.7280756998172,31.2838352367959
2,3,6,9,10,11,4.55802911044538,54.2685449559306
2,3,6,9,10,12,33.0736484134832,33.2148888873508
2,3,6,9,10,13,26.7175255135528,33.9318303973879
2,3,6,9,11,12,30.9490013742247,35.1531434169433
2,3,6,9,11,13,24.2471035446352,37.2177840519783
2,3,6,9,12,13,24.9749013917671,35.9213994029978
2,3,6,10,11,12,10.4559276921127,41.7784021872473
2,3,6,10,11,13,14.8377504391056,42.0764437413416
2,3,6,10,12,13,28.6226280572875,34.5018787837537
2,3,6,11,12,13,24.7161239361031,36.934335158156
2,3,7,8,9,10,34.1654911322224,30.0812609307468
2,3,7,8,9,11,29.1574569254009,29.1277886167441
2,3,7,8,9,12,26.3077195517153,21.2894852917453
2,3,7,8,9,13,25.6825667479012,27.6375544056209
2,3,7,8,10,11,30.5301674462834,28.5065110522226
2,3,7,8,10,12,29.5290452821873,20.6275381616965
2,3,7,8,10,13,33.3531394888142,26.9599941072063
2,3,7,8,11,12,23.7932358505005,13.183134764888
2,3,7,8,11,13,22.6430090139142,24.176252937628
2,3,7,8,12,13,20.6487673881853,18.4318801825632
2,3,7,9,10,11,0.946982866807388,41.7176001678839
2,3,7,9,10,12,35.3672783559721,27.5532845583409
2,3,7,9,10,13,32.3237742595584,30.8033498937726
2,3,7,9,11,12,31.6896589948004,26.0204370951912
2,3,7,9,11,13,29.3365453303509,31.0265064882684
2,3,7,9,12,13,28.7411636058922,27.8026424435625
2,3,7,10,11,12,31.7337080025841,25.3838398635163
2,3,7,10,11,13,22.571722509864,29.1452517101394
2,3,7,10,12,13,31.2638727696519,27.0747095579105
2,3,7,11,12,13,24.6170368866784,25.9054420738652
2,3,8,9,10,11,4.17224540473212,44.0714225372489
2,3,8,9,10,12,26.256464887286,31.4498887910909
2,3,8,9,10,13,32.1775676310334,33.556421969811
2,3,8,9,11,12,25.2199837281921,30.533400301218
2,3,8,9,11,13,27.4656598605211,33.046626087508
2,3,8,9,12,13,21.6053784037169,31.3826122803962
2,3,8,10,11,12,26.0384351111566,29.5659968680345
2,3,8,10,11,13,28.5600566425064,32.7371542786265
2,3,8,10,12,13,20.0498214123568,29.2432093467396
2,3,8,11,12,13,17.9258100888085,31.4718359472486
2,3,9,10,11,12,28.847413302212,33.9896513905657
2,3,9,10,11,13,27.5654425157124,34.1534585264003
2,3,9,10,12,13,26.6553212614784,33.8117988381388
2,3,9,11,12,13,25.0323680205416,36.5292172119384
2,3,10,11,12,13,27.3010373892156,33.7127123489298
2,4,5,6,7,8,14.8272636262973,35.7904860222785
2,4,5,6,7,9,28.2289384559634,34.2730328539029
2,4,5,6,7,10,10.5494731638993,93.2696840443392
2,4,5,6,7,11,10.7364052017161,40.1344016531649
2,4,5,6,7,12,29.1177259143916,33.0899507621917
2,4,5,6,7,13,22.5954847677254,34.635651933968
2,4,5,6,8,9,24.1485940588083,36.1039470572338
2,4,5,6,8,10,20.8140137572606,35.2285765373477
2,4,5,6,8,11,10.7103503008584,41.6830507624464
2,4,5,6,8,12,29.8337490809445,35.5593090700376
2,4,5,6,8,13,0.418768050117823,45.7057914081392
2,4,5,6,9,10,11.2135387204037,31.5469381040142
2,4,5,6,9,11,18.4445464584237,37.0025423984234
2,4,5,6,9,12,23.8569871115647,34.8019733083319
2,4,5,6,9,13,11.1242103444959,33.5449408577184
2,4,5,6,10,11,19.2526645941343,37.4501958031897
2,4,5,6,10,12,27.2372487942159,33.4818747540914
2,4,5,6,10,13,12.2121871127562,33.1680745823003
2,4,5,6,11,12,27.6948781026984,37.2660835695862
2,4,5,6,11,13,2.04065650273158,57.8020798145795
2,4,5,6,12,13,0.825889653880421,55.3719282542955
2,4,5,7,8,9,16.3612304198785,35.3503566026766
2,4,5,7,8,10,8.46366004633019,35.8680426023319
2,4,5,7,8,11,0.816154907939643,54.3857110942275
2,4,5,7,8,12,19.4101049501679,29.7860193878664
2,4,5,7,8,13,12.3556075300117,39.9025440274314
2,4,5,7,9,10,24.8631744352331,31.9875502174955
2,4,5,7,9,11,5.11206278647876,49.7618393214117
2,4,5,7,9,12,31.251472532982,32.4478136041908
2,4,5,7,9,13,1.3323242914221,63.0557539345535
2,4,5,7,10,11,15.1727206030576,40.3739681027021
2,4,5,7,10,12,12.4315069117789,34.7446033378347
2,4,5,7,10,13,22.6050017752621,32.6844156666566
2,4,5,7,11,12,8.59333588050596,40.0869902730254
2,4,5,7,11,13,17.9787210641553,37.7503004727317
2,4,5,7,12,13,0.908105978191278,50.6227225291684
2,4,5,8,9,10,13.6357244424615,37.437195585965
2,4,5,8,9,11,27.6683081619697,38.0362033255462
2,4,5,8,9,12,29.7411152695722,34.9159920964826
2,4,5,8,9,13,22.9099892624424,38.0540317552019
2,4,5,8,10,11,0.520915901483021,66.876039874525
2,4,5,8,10,12,15.1768011948586,37.8679746271077
2,4,5,8,10,13,21.2184261387809,35.8316313540936
2,4,5,8,11,12,25.4427092765484,36.3270539840313
2,4,5,8,11,13,23.3393260184721,39.1217523022065
2,4,5,8,12,13,28.2965045250517,35.9319895854027
2,4,5,9,10,11,20.6231714834995,34.7626239903327
2,4,5,9,10,12,21.8008935286966,32.716845659614
2,4,5,9,10,13,12.2113137450414,33.3846188355666
2,4,5,9,11,12,17.57734543809,38.8795622426703
2,4,5,9,11,13,18.6683271483455,37.3719606701313
2,4,5,9,12,13,12.2532354464675,48.76485496845
2,4,5,10,11,12,19.6939161543238,38.8976579787271
2,4,5,10,11,13,21.9086982878538,36.9152616346369
2,4,5,10,12,13,23.1108109777398,34.7291955287307
2,4,5,11,12,13,11.5276814730084,53.2732916328297
2,4,6,7,8,9,24.4292417807261,32.6116140862792
2,4,6,7,8,10,4.01930290254768,37.4395475108497
2,4,6,7,8,11,17.5422768318745,35.8472676374717
2,4,6,7,8,12,23.668033958254,29.2956200963367
2,4,6,7,8,13,19.8599049860331,31.0376334560313
2,4,6,7,9,10,0.738050174241966,54.224537472615
2,4,6,7,9,11,26.3599995062607,34.185539094806
2,4,6,7,9,12,34.1656863917604,30.8844768738915
2,4,6,7,9,13,29.1452158137844,31.7624921122467
2,4,6,7,10,11,3.22148143255844,47.8844958079874
2,4,6,7,10,12,35.2399121775965,29.6491383574214
2,4,6,7,10,13,0.688415895301602,49.411784228665
2,4,6,7,11,12,26.4781800125025,31.9203839712626
2,4,6,7,11,13,26.0144718381488,34.0339843523326
2,4,6,7,12,13,31.7988623239581,31.9873871213462
2,4,6,8,9,10,8.17960504059242,34.2422873265973
2,4,6,8,9,11,0.624670064228443,62.7542527721674
2,4,6,8,9,12,30.0378654167484,33.2497486398827
2,4,6,8,9,13,23.2163509949917,52.2226610799086
2,4,6,8,10,11,0.46079579350382,61.464773032889
2,4,6,8,10,12,30.4696736299179,32.0414981903068
2,4,6,8,10,13,24.601264168613,31.9511187729306
2,4,6,8,11,12,25.1157286669173,34.6809685844265
2,4,6,8,11,13,26.8185077488175,36.9817525744729
2,4,6,8,12,13,28.3875164518686,34.6277212370459
2,4,6,9,10,11,3.70969872305696,46.934685583307
2,4,6,9,10,12,19.8384981711952,29.4045418991933
2,4,6,9,10,13,0.212905335509945,34.619644419439
2,4,6,9,11,12,25.3917429384698,34.7598995307037
2,4,6,9,11,13,16.9017606661566,34.8961978158302
2,4,6,9,12,13,0.811408653282568,49.2369387999122
2,4,6,10,11,12,23.4265072119385,34.1331353750598
2,4,6,10,11,13,16.5059456003022,34.2853991726155
2,4,6,10,12,13,26.023814513663,32.2072488208649
2,4,6,11,12,13,25.1613603093451,34.6759615251302
2,4,7,8,9,10,24.8583577474529,30.5326842478406
2,4,7,8,9,11,33.0203220011562,33.3407401514447
2,4,7,8,9,12,25.7033374355292,28.7238705341313
2,4,7,8,9,13,31.7636448867167,31.346840841929
2,4,7,8,10,11,0.927211234833876,47.6806702461245
2,4,7,8,10,12,32.9956025719777,27.7306207892351
2,4,7,8,10,13,12.3591997777776,31.7393787786327
2,4,7,8,11,12,32.0774711118524,27.4426925960824
2,4,7,8,11,13,17.3994748095846,33.1736628664107
2,4,7,8,12,13,31.1083342517872,28.6649369036861
2,4,7,9,10,11,28.3030258398546,32.0696150518858
2,4,7,9,10,12,35.1336056798603,28.7767781592118
2,4,7,9,10,13,29.6905668489227,29.3676978619027
2,4,7,9,11,12,34.4318575320903,31.3336393329303
2,4,7,9,11,13,5.51707067068056,43.296476000933
2,4,7,9,12,13,31.6796464156609,31.3106818833445
2,4,7,10,11,12,0.950459337425325,35.8938563458821
2,4,7,10,11,13,0.968122477854597,36.9595753274266
2,4,7,10,12,13,1.77130354231173,38.9664994151197
2,4,7,11,12,13,19.450686667378,32.9157414952909
2,4,8,9,10,11,3.94727509657764,54.4889847555986
2,4,8,9,10,12,31.0553777611537,31.1838971018944
2,4,8,9,10,13,0.63554773689368,39.274156584862
2,4,8,9,11,12,27.7609810401706,34.0636684691496
2,4,8,9,11,13,23.8674276039186,35.911185053626
2,4,8,9,12,13,31.0766262414289,33.8344991650824
2,4,8,10,11,12,27.7248564977713,33.0934202151797
2,4,8,10,11,13,25.5457720726616,34.3065377409575
2,4,8,10,12,13,28.155295724338,32.7333510191759
2,4,8,11,12,13,25.7364168197816,34.3917043554815
2,4,9,10,11,12,0.679743152272553,49.2065822557561
2,4,9,10,11,13,16.9653373438871,31.6757248822425
2,4,9,10,12,13,27.3831312642116,31.1997306447939
2,4,9,11,12,13,27.196418350154,33.8515536143263
2,4,10,11,12,13,10.1027669023493,42.6684121896612
2,5,6,7,8,9,2.52878023317833,55.0354395055639
2,5,6,7,8,10,3.09113862786453,49.077956480712
2,5,6,7,8,11,29.7629587161036,37.0248078465689
2,5,6,7,8,12,22.7431724383908,32.0188120948303
2,5,6,7,8,13,0.724568970723269,54.7761909084967
2,5,6,7,9,10,27.7476045150071,36.0954259747012
2,5,6,7,9,11,26.2072249345961,39.0208255953316
2,5,6,7,9,12,27.0873046204524,35.421551138909
2,5,6,7,9,13,26.5142554446068,37.2823313550676
2,5,6,7,10,11,24.8298432604801,38.5684747681882
2,5,6,7,10,12,27.2209746373575,34.5508574252884
2,5,6,7,10,13,29.2279269055342,36.2381923388494
2,5,6,7,11,12,24.9295158102779,35.796845917521
2,5,6,7,11,13,13.0766503521699,49.543692308706
2,5,6,7,12,13,25.2026332780762,38.2995106509656
2,5,6,8,9,10,21.30394025184,39.9850443597713
2,5,6,8,9,11,16.5323863693932,45.3000591962895
2,5,6,8,9,12,26.0876128975822,38.538982110189
2,5,6,8,9,13,20.7960467782005,44.1683463459006
2,5,6,8,10,11,0.548794649283161,66.1888268467691
2,5,6,8,10,12,22.6860617363928,38.9792325859224
2,5,6,8,10,13,23.6004930126669,39.5287046974949
2,5,6,8,11,12,17.4763532541736,41.2451623345012
2,5,6,8,11,13,17.1630547614359,44.8259997497664
2,5,6,8,12,13,24.9183599781151,40.2598861129538
2,5,6,9,10,11,17.4752639671635,42.1864212466615
2,5,6,9,10,12,21.2186189534344,37.6533151304585
2,5,6,9,10,13,10.218088463377,42.0091821595261
2,5,6,9,11,12,0.547301651314972,66.5613967674801
2,5,6,9,11,13,15.1139632278977,45.3685778338295
2,5,6,9,12,13,24.984298941522,39.7379241899762
2,5,6,10,11,12,25.135311435478,38.7166081214122
2,5,6,10,11,13,1.97762205594272,62.658389205791
2,5,6,10,12,13,25.048319082963,38.8431507175412
2,5,6,11,12,13,21.2872329272203,46.2841656395587
2,5,7,8,9,10,7.22376799335271,41.0778644887896
2,5,7,8,9,11,29.254808914533,36.6367694191148
2,5,7,8,9,12,19.0401651888258,32.6293875133598
2,5,7,8,9,13,6.30309056107099,49.0086194367262
2,5,7,8,10,11,9.36395153918063,42.7767847047513
2,5,7,8,10,12,30.0371666901761,30.9895441322699
2,5,7,8,10,13,3.07436124247857,45.0778011597851
2,5,7,8,11,12,27.195552347747,28.7945366433001
2,5,7,8,11,13,10.0272641870233,44.9773708596944
2,5,7,8,12,13,27.3571417738511,30.7461192022158
2,5,7,9,10,11,26.9397762549454,37.5134762661348
2,5,7,9,10,12,28.3260202310834,33.9671205666868
2,5,7,9,10,13,8.51144476015337,40.5876701519349
2,5,7,9,11,12,27.3768413052705,34.5270722712372
2,5,7,9,11,13,13.4961455347587,46.665986592892
2,5,7,9,12,13,26.1719920201822,38.3977242692169
2,5,7,10,11,12,22.648632081249,35.9981486287609
2,5,7,10,11,13,1.99267357932299,50.6323940433792
2,5,7,10,12,13,29.9111998625325,34.4076041849136
2,5,7,11,12,13,17.9768690594748,42.6081722713371
2,5,8,9,10,11,8.32885901269147,47.9987685346725
2,5,8,9,10,12,23.2664917018444,37.2454852891248
2,5,8,9,10,13,23.7346741906959,37.9751106137901
2,5,8,9,11,12,20.9010430456354,40.7296075139662
2,5,8,9,11,13,23.4266337504655,41.6217176287806
2,5,8,9,12,13,24.600516542771,39.5359754809079
2,5,8,10,11,12,25.6518290538605,38.0511160444794
2,5,8,10,11,13,18.3421374730388,41.6804322033287
2,5,8,10,12,13,23.336269308726,38.5680727048252
2,5,8,11,12,13,23.1813191634915,40.9403657336281
2,5,9,10,11,12,26.4438568197247,38.1530872024388
2,5,9,10,11,13,16.2597535098185,38.110433093993
2,5,9,10,12,13,0.575522900611296,60.719161930039
2,5,9,11,12,13,22.9581415358646,41.3420183582011
2,5,10,11,12,13,22.0828168770987,41.1096025050727
2,6,7,8,9,10,22.1438642643567,33.7985632497957
2,6,7,8,9,11,29.5235515013967,36.1068260026749
2,6,7,8,9,12,29.7103845464933,31.5056263670261
2,6,7,8,9,13,0.777199024974656,53.9879105278152
2,6,7,8,10,11,29.2796503118551,35.2983219790529
2,6,7,8,10,12,32.3995869092617,30.7072171856087
2,6,7,8,10,13,2.07603223351572,45.3523428748707
2,6,7,8,11,12,23.3712118550717,29.5592740217134
2,6,7,8,11,13,18.1100488445046,37.6204108170761
2,6,7,8,12,13,28.3474871810061,31.0537074537776
2,6,7,9,10,11,0.730421292761646,56.7539170984769
2,6,7,9,10,12,29.5374089083311,32.6206244243361
2,6,7,9,10,13,28.0608910452824,33.6684459089146
2,6,7,9,11,12,22.0760863631635,35.1356077508019
2,6,7,9,11,13,26.9078950890083,36.4675166675705
2,6,7,9,12,13,28.5538587290536,34.4248348959558
2,6,7,10,11,12,29.7893368420049,33.3144758891336
2,6,7,10,11,13,30.297290740523,35.5486933722037
2,6,7,10,12,13,30.1873156319791,33.514142929443
2,6,7,11,12,13,26.2759487322236,34.1453420987017
2,6,8,9,10,11,6.45371165334769,48.0007314025854
2,6,8,9,10,12,27.0103240674883,34.9421565257321
2,6,8,9,10,13,2.06630690530878,44.5956690598822
2,6,8,9,11,12,21.3102859320048,37.0208874978844
2,6,8,9,11,13,22.7688067311599,41.8560064915251
2,6,8,9,12,13,26.9383218917933,38.4018777247961
2,6,8,10,11,12,21.9135482473801,36.0861574028455
2,6,8,10,11,13,26.2972490219778,38.574166565618
2,6,8,10,12,13,27.5648797137157,36.5132914638458
2,6,8,11,12,13,19.0657076042363,41.0990399183094
2,6,9,10,11,12,25.5248375733126,36.4678309456095
2,6,9,10,11,13,14.6643788554825,37.7318341235333
2,6,9,10,12,13,24.6012670187458,35.4839225539063
2,6,9,11,12,13,21.5494096202291,39.2334170487676
2,6,10,11,12,13,22.8737861486445,37.6290424606127
2,7,8,9,10,11,13.5895783848467,37.7840624418813
2,7,8,9,10,12,28.6163150430761,30.1968265458142
2,7,8,9,10,13,0.904067123776899,47.8491641151184
2,7,8,9,11,12,26.7962231618038,29.2663682736845
2,7,8,9,11,13,21.4105371877631,36.7405605788229
2,7,8,9,12,13,29.1333097782606,30.6819523831326
2,7,8,10,11,12,31.9593385659814,28.64573505314
2,7,8,10,11,13,12.3951180971128,39.5219710111495
2,7,8,10,12,13,35.344984943515,29.9702655652795
2,7,8,11,12,13,29.0762443343251,29.1643290297429
2,7,9,10,11,12,32.1902980926744,32.7845712075386
2,7,9,10,11,13,24.3177340511236,34.9756627903072
2,7,9,10,12,13,29.9199771016412,32.900629263974
2,7,9,11,12,13,27.3860366394741,33.5445273186227
2,7,10,11,12,13,19.6372476032436,35.6565572564295
2,8,9,10,11,12,21.1426273952566,36.554402787202
2,8,9,10,11,13,25.5891849766758,38.0526431965033
2,8,9,10,12,13,27.5829397821422,35.8755144479474
2,8,9,11,12,13,20.4413105644604,40.6689313233637
2,8,10,11,12,13,26.0537562573902,36.9813988281889
2,9,10,11,12,13,24.1846337519382,36.0783592972978
3,4,5,6,7,8,26.9803962030442,32.3726089399069
3,4,5,6,7,9,4.32439350553186,61.619881156745
3,4,5,6,7,10,2.97914247347109,60.3954978194215
3,4,5,6,7,11,0.706652518276738,62.4219538572865
3,4,5,6,7,12,3.47304070406559,53.4150966533493
3,4,5,6,7,13,27.2279119222762,33.8767772043322
3,4,5,6,8,9,29.5990087492091,38.6957018612597
3,4,5,6,8,10,0.706457612054641,56.6577825591919
3,4,5,6,8,11,27.8224982058427,37.8773144530076
3,4,5,6,8,12,0.633025213111595,52.854393984169
3,4,5,6,8,13,26.3527927162993,33.7038173050623
3,4,5,6,9,10,12.1980029692294,48.7073749180785
3,4,5,6,9,11,10.6939950667944,58.8257373259465
3,4,5,6,9,12,12.5782080224221,50.6801619299451
3,4,5,6,9,13,23.6850600839878,40.1653586217967
3,4,5,6,10,11,29.722136471354,39.2302012739384
3,4,5,6,10,12,31.4260892818068,35.7598687479812
3,4,5,6,10,13,22.8540046118035,36.9816878060301
3,4,5,6,11,12,15.0650880947116,45.5166695612779
3,4,5,6,11,13,21.2456853771058,39.9326093753133
3,4,5,6,12,13,26.6588378056511,37.7266950481998
3,4,5,7,8,9,27.1895741103603,32.0417242405538
3,4,5,7,8,10,1.7085158077848,45.9780594230409
3,4,5,7,8,11,26.6772250731082,29.0692879169752
3,4,5,7,8,12,28.164332627257,20.2754506731663
3,4,5,7,8,13,23.6930702493789,27.8566087608358
3,4,5,7,9,10,0.921687782689871,61.4536063447296
3,4,5,7,9,11,4.79994955423281,53.1776418531115
3,4,5,7,9,12,14.8623106587906,37.1087934976879
3,4,5,7,9,13,28.8686843620941,33.4610142841349
3,4,5,7,10,11,33.3509875439828,34.2461310514592
3,4,5,7,10,12,36.4723296787294,28.7237681898926
3,4,5,7,10,13,29.3750512864359,32.7124164637041
3,4,5,7,11,12,5.39120134611725,35.3228960978435
3,4,5,7,11,13,26.2303452382261,31.6334817450105
3,4,5,7,12,13,24.4464507062571,28.1259098344084
3,4,5,8,9,10,0.688675780359002,50.1137659376696
3,4,5,8,9,11,28.8012839340568,37.7715083289544
3,4,5,8,9,12,9.61997006648513,42.4758943909375
3,4,5,8,9,13,26.7164155178874,34.4599804281217
3,4,5,8,10,11,30.0472234702148,37.1012498234431
3,4,5,8,10,12,27.85278010813,32.3190070296817
3,4,5,8,10,13,26.0206184115101,33.677836369761
3,4,5,8,11,12,24.8635011624114,30.1992700833168
3,4,5,8,11,13,21.2648775930085,32.5589761573688
3,4,5,8,12,13,25.0442296361405,31.3284043462276
3,4,5,9,10,11,26.7572935881036,39.2631246384475
3,4,5,9,10,12,32.5695407882567,35.1972510945867
3,4,5,9,10,13,23.7853921606584,36.3801405274498
3,4,5,9,11,12,27.9115369011857,36.883383002236
3,4,5,9,11,13,21.5659852614358,39.5912050752594
3,4,5,9,12,13,26.9641656111913,36.771656284154
3,4,5,10,11,12,32.6324042134313,35.0615629999577
3,4,5,10,11,13,26.8730316644432,37.7369165080885
3,4,5,10,12,13,25.7064275524141,35.8188294967242
3,4,5,11,12,13,21.9675693217893,39.327613226188
3,4,6,7,8,9,32.6611228557983,31.9480545197687
3,4,6,7,8,10,0.943695970295184,49.5495760053886
3,4,6,7,8,11,14.1758349611457,31.9991587730582
3,4,6,7,8,12,31.7217086766497,22.0969528433391
3,4,6,7,8,13,27.6694975510344,28.5598719814728
3,4,6,7,9,10,0.989864356798835,62.3118255549734
3,4,6,7,9,11,3.69145034547499,57.1690299890078
3,4,6,7,9,12,4.16525405353022,50.9136405593499
3,4,6,7,9,13,31.0686953911438,32.9198735312334
3,4,6,7,10,11,3.51698463636357,54.8251638381592
3,4,6,7,10,12,4.71589519890325,54.8486173006774
3,4,6,7,10,13,32.587106541869,32.0425954117661
3,4,6,7,11,12,7.66003581812898,39.924375438302
3,4,6,7,11,13,30.3357590223258,31.9135350684494
3,4,6,7,12,13,28.8550122591324,28.6949147716449
3,4,6,8,9,10,6.75898279738863,45.2985482321616
3,4,6,8,9,11,18.986888683728,40.1454350982841
3,4,6,8,9,12,31.9411771610998,32.8178486849411
3,4,6,8,9,13,29.5860693020985,35.6967656269179
3,4,6,8,10,11,14.1644600286487,42.8714724948478
3,4,6,8,10,12,28.1618507696956,32.0536155015155
3,4,6,8,10,13,29.2211553346139,34.7720276411865
3,4,6,8,11,12,27.5248458171405,31.0585925582933
3,4,6,8,11,13,23.9978005988806,33.9280335239634
3,4,6,8,12,13,28.2655399720775,32.377114910952
3,4,6,9,10,11,4.71003855859171,53.8841041373053
3,4,6,9,10,12,32.1039577099789,33.9045874836029
3,4,6,9,10,13,25.943258251215,34.9213060332892
3,4,6,9,11,12,5.12556368657039,54.6462355436206
3,4,6,9,11,13,24.3982279221497,36.9784877994341
3,4,6,9,12,13,29.7596073387703,35.9050214936372
3,4,6,10,11,12,20.1186915264272,40.6045366424191
3,4,6,10,11,13,25.2510995622498,36.9748334845491
3,4,6,10,12,13,27.8854698492435,34.9149339077294
3,4,6,11,12,13,22.4769167818894,40.480163139733
3,4,7,8,9,10,33.680566482738,30.6908606812575
3,4,7,8,9,11,6.33492148196319,37.8062833055007
3,4,7,8,9,12,0.85221875991846,47.8134014331907
3,4,7,8,9,13,25.8092872477903,28.2237727129781
3,4,7,8,10,11,10.6407252181378,32.1550454439071
3,4,7,8,10,12,14.0762941832691,21.249767179443
3,4,7,8,10,13,27.9820010596495,27.5371983123705
3,4,7,8,11,12,4.95858507317947,17.6232209016125
3,4,7,8,11,13,24.770513626775,24.3786306171867
3,4,7,8,12,13,24.3241224254677,18.9994356191481
3,4,7,9,10,11,3.49582616130328,48.2683595397359
3,4,7,9,10,12,30.2289063635544,28.1919411311278
3,4,7,9,10,13,28.2914865271164,31.461836461532
3,4,7,9,11,12,5.84949585091852,39.9475985857188
3,4,7,9,11,13,23.0654036860857,31.5507121704335
3,4,7,9,12,13,30.4258227716413,28.3509444965446
3,4,7,10,11,12,36.2415213833347,25.9370126028992
3,4,7,10,11,13,32.3770658124927,30.857517984594
3,4,7,10,12,13,31.0807112539697,27.6552657131341
3,4,7,11,12,13,24.9691232097413,26.429032841235
3,4,8,9,10,11,5.43195459103228,46.2618017534589
3,4,8,9,10,12,28.9334812340056,31.5661868752967
3,4,8,9,10,13,30.0017811623418,34.1900484846778
3,4,8,9,11,12,31.7723935061753,30.6644816318809
3,4,8,9,11,13,24.2286510316882,33.9758284360921
3,4,8,9,12,13,29.3121683555559,32.0233777023325
3,4,8,10,11,12,31.9288136476806,30.0742853358403
3,4,8,10,11,13,24.5111190116176,33.2510937317773
3,4,8,10,12,13,24.7902479121808,31.2176463508775
3,4,8,11,12,13,24.6296806162645,30.9557486927438
3,4,9,10,11,12,33.6471653488973,34.0533030138612
3,4,9,10,11,13,25.5888436379739,35.2601781066741
3,4,9,10,12,13,28.3238185730131,34.2502887995899
3,4,9,11,12,13,26.6687927532347,36.7979505328479
3,4,10,11,12,13,26.6883681681814,35.2031988046096
3,5,6,7,8,9,26.337472034539,33.2079946348356
3,5,6,7,8,10,25.6053113915387,33.3751360441491
3,5,6,7,8,11,20.8934820847163,30.7856070970271
3,5,6,7,8,12,19.9593744612346,21.4841627187029
3,5,6,7,8,13,26.6897167727246,29.6025515945998
3,5,6,7,9,10,12.9037332868027,37.3984318380793
3,5,6,7,9,11,0.752840599425739,52.7960387484472
3,5,6,7,9,12,9.92091684403675,40.6067901438577
3,5,6,7,9,13,19.432633787261,33.7634567199961
3,5,6,7,10,11,28.4729830379711,36.5506334137032
3,5,6,7,10,12,21.5718487447347,31.0783273311575
3,5,6,7,10,13,26.5707830959034,34.7858017882705
3,5,6,7,11,12,4.44689351607217,34.4127941735076
3,5,6,7,11,13,22.445498601896,33.8056272933242
3,5,6,7,12,13,18.6068381125181,31.4624548780182
3,5,6,8,9,10,20.5529204486728,38.1017977514051
3,5,6,8,9,11,25.8479742325208,40.0426160237179
3,5,6,8,9,12,23.1522847325709,37.0027167551287
3,5,6,8,9,13,16.2681467405957,37.1840642089435
3,5,6,8,10,11,26.3050480255555,39.3246734196483
3,5,6,8,10,12,18.9904518274993,37.2078952845686
3,5,6,8,10,13,26.3691893662632,35.563569777979
3,5,6,8,11,12,17.052160967382,33.2107097468549
3,5,6,8,11,13,3.1848855985096,43.6179042722423
3,5,6,8,12,13,19.7225504848334,32.6701810594343
3,5,6,9,10,11,7.71458802169729,48.1518232298201
3,5,6,9,10,12,24.3954797416296,40.7838235111534
3,5,6,9,10,13,23.4373133993061,36.618638603343
3,5,6,9,11,12,12.6344102628061,45.1003459960865
3,5,6,9,11,13,22.8735396420233,38.538825774869
3,5,6,9,12,13,26.0421138969968,38.9252477763156
3,5,6,10,11,12,26.0870057585065,38.2355662153724
3,5,6,10,11,13,0.775670819325754,51.7410442197622
3,5,6,10,12,13,6.41866244858643,45.6643920287416
3,5,6,11,12,13,21.1268585265216,41.4523633638822
3,5,7,8,9,10,26.8575372292905,33.0858542766876
3,5,7,8,9,11,0.601291819984035,44.7982400411908
3,5,7,8,9,12,25.4905059028992,21.507688373781
3,5,7,8,9,13,26.2163082811592,29.4526130479375
3,5,7,8,10,11,22.2324036977451,30.062883341571
3,5,7,8,10,12,24.6210577890157,21.2055057237131
3,5,7,8,10,13,22.7787628554106,25.1978302543761
3,5,7,8,11,12,14.3349530137701,8.62758232450384
3,5,7,8,11,13,18.3419474046048,25.6027312076303
3,5,7,8,12,13,14.2940086318527,17.8617999809525
3,5,7,9,10,11,25.8480113132206,35.801183872421
3,5,7,9,10,12,27.2499140005597,30.450028156911
3,5,7,9,10,13,26.7399495189929,34.6154237906633
3,5,7,9,11,12,6.52175209816522,38.0532966250185
3,5,7,9,11,13,21.7629230527925,31.1597814753821
3,5,7,9,12,13,21.683612630829,32.1787002413645
3,5,7,10,11,12,29.0863394641328,26.5266226715929
3,5,7,10,11,13,24.3638901359219,31.2759110193551
3,5,7,10,12,13,19.9882204976763,32.2342704643698
3,5,7,11,12,13,14.2339030190858,31.3146898353753
3,5,8,9,10,11,27.3641075076198,38.6307532595678
3,5,8,9,10,12,22.4190677775897,35.2679146180305
3,5,8,9,10,13,26.6849040285882,35.4637314152158
3,5,8,9,11,12,23.415367271913,31.7364676313718
3,5,8,9,11,13,23.0212055234075,34.5076096079206
3,5,8,9,12,13,20.2953764029415,32.3022686704448
3,5,8,10,11,12,20.9940641818512,31.513125033399
3,5,8,10,11,13,21.9958165346576,33.9656440376554
3,5,8,10,12,13,16.1031094690381,32.1540933149402
3,5,8,11,12,13,14.5106978685749,34.5414183548397
3,5,9,10,11,12,27.5136462396542,37.930461203633
3,5,9,10,11,13,0.509808087431756,55.9553768569156
3,5,9,10,12,13,12.6425909431727,40.7570419430621
3,5,9,11,12,13,25.7733207554067,39.0010071671213
3,5,10,11,12,13,27.3757193882112,36.8953735331947
3,6,7,8,9,10,30.1653006952193,33.136526714017
3,6,7,8,9,11,25.2520003955069,31.3062486377346
3,6,7,8,9,12,28.8560055467033,23.591619377791
3,6,7,8,9,13,29.4829826166438,30.1131985929062
3,6,7,8,10,11,18.3745425848497,31.8801894763406
3,6,7,8,10,12,25.4918492499411,23.1560888778591
3,6,7,8,10,13,30.2891182732647,29.631900604551
3,6,7,8,11,12,22.0374313322052,14.9335245108819
3,6,7,8,11,13,23.1203174329852,25.9201697950681
3,6,7,8,12,13,19.8803697762058,20.3553108988696
3,6,7,9,10,11,8.33705476125763,36.964131312395
3,6,7,9,10,12,20.6436820701221,32.3288266864108
3,6,7,9,10,13,30.1825243795161,34.2294568282448
3,6,7,9,11,12,8.15434034782401,35.3091793876609
3,6,7,9,11,13,27.1983961465335,33.5255044037506
3,6,7,9,12,13,25.1856758309031,30.0117563334058
3,6,7,10,11,12,30.7214688384047,27.7946458483211
3,6,7,10,11,13,29.7213082067459,32.9712075430152
3,6,7,10,12,13,27.0805862594877,29.776371033078
3,6,7,11,12,13,21.1973461872027,28.2734325690142
3,6,8,9,10,11,3.89476824481369,38.5766268457726
3,6,8,9,10,12,24.0740527228232,35.3286074590203
3,6,8,9,10,13,29.5287292019485,34.7755793845504
3,6,8,9,11,12,24.5142606707459,32.8977699528647
3,6,8,9,11,13,25.9965427056618,33.5249934508684
3,6,8,9,12,13,24.1007415679419,33.4907369347143
3,6,8,10,11,12,22.4007673843378,31.0696051270228
3,6,8,10,11,13,26.8240887021184,35.7089973317497
3,6,8,10,12,13,20.6167592515501,30.2925496290422
3,6,8,11,12,13,19.9276886844414,34.0450524120609
3,6,9,10,11,12,27.4202884790565,37.8269844198715
3,6,9,10,11,13,26.1128997083064,36.7702766279214
3,6,9,10,12,13,27.0635452826936,37.1718253950669
3,6,9,11,12,13,24.6870758073461,39.8769204641755
3,6,10,11,12,13,27.3507818521149,37.7842643803425
3,7,8,9,10,11,26.6538322331774,30.6170774085703
3,7,8,9,10,12,24.8058073413466,22.9854661301051
3,7,8,9,10,13,22.8614711588195,27.6565599672185
3,7,8,9,11,12,0.555484774330635,21.3259316523436
3,7,8,9,11,13,23.7342654158786,25.6607184100753
3,7,8,9,12,13,19.6629466505654,20.3617335251866
3,7,8,10,11,12,27.0581995324517,14.9117711239603
3,7,8,10,11,13,21.6895553550363,25.9182941246003
3,7,8,10,12,13,21.5318667477066,20.0186428338816
3,7,8,11,12,13,14.8342068260087,14.9314335759907
3,7,9,10,11,12,25.7578264162804,27.5813016058553
3,7,9,10,11,13,29.6728970390124,32.6521363659741
3,7,9,10,12,13,27.5599894605521,29.4804673727354
3,7,9,11,12,13,21.5230391018734,28.6014821749376
3,7,10,11,12,13,22.3064563028068,27.7057075174482
3,8,9,10,11,12,22.8197150663781,33.1669907372922
3,8,9,10,11,13,24.2237032486313,34.696851216834
3,8,9,10,12,13,18.028073317408,35.2969746430314
3,8,9,11,12,13,22.4328508511691,33.8763866753363
3,8,10,11,12,13,18.8117699049094,33.5061290394058
3,9,10,11,12,13,21.5963914235122,35.2012567727186
4,5,6,7,8,9,5.35487093723929,45.5895425831759
4,5,6,7,8,10,5.74959771287305,40.6065934814754
4,5,6,7,8,11,3.213439782824,44.4008416019053
4,5,6,7,8,12,18.6728060006486,31.3934894747516
4,5,6,7,8,13,0.585767434076526,46.4664206298102
4,5,6,7,9,10,0.745265127629246,63.861899237829
4,5,6,7,9,11,7.15618870202646,48.6153197596043
4,5,6,7,9,12,8.07267132124272,46.1239214155251
4,5,6,7,9,13,27.0272159294523,37.8374174756218
4,5,6,7,10,11,2.50540517338342,44.7677146437806
4,5,6,7,10,12,33.6516103387107,35.1477574511683
4,5,6,7,10,13,17.6916307203097,35.022032864108
4,5,6,7,11,12,0.712189159910211,46.1344883473219
4,5,6,7,11,13,29.2785697405631,38.3722296235107
4,5,6,7,12,13,31.8531633883905,36.1518212225609
4,5,6,8,9,10,23.0943633093456,38.0923153401514
4,5,6,8,9,11,26.1747346138457,40.8211544563586
4,5,6,8,9,12,7.83039909372398,41.757549575383
4,5,6,8,9,13,24.3831935956832,36.636979327906
4,5,6,8,10,11,16.8523607533084,39.883741647794
4,5,6,8,10,12,27.6995466170047,37.2803673612587
4,5,6,8,10,13,17.3714873830243,33.1458833449713
4,5,6,8,11,12,30.1135385682275,38.1828078326289
4,5,6,8,11,13,15.249729745943,36.4985669071977
4,5,6,8,12,13,31.5682387714568,38.301791457382
4,5,6,9,10,11,0.538564566978023,75.7510259834772
4,5,6,9,10,12,0.402084069460253,76.4090582677682
4,5,6,9,10,13,10.9577829850115,33.7285963071248
4,5,6,9,11,12,28.9737565037292,40.1728953490053
4,5,6,9,11,13,17.4585417773044,40.2252806505836
4,5,6,9,12,13,0.646950447477959,56.4854142743584
4,5,6,10,11,12,8.43439627448359,47.2380614257836
4,5,6,10,11,13,18.3692843959348,37.7291888746949
4,5,6,10,12,13,22.6523767828115,39.1351687702986
4,5,6,11,12,13,28.1163880682929,40.3762222528315
4,5,7,8,9,10,15.0678569800634,34.6009123156708
4,5,7,8,9,11,0.775225845450638,92.7806784396792
4,5,7,8,9,12,10.1453448315017,39.7628448238118
4,5,7,8,9,13,9.80682487671062,40.6239056494789
4,5,7,8,10,11,6.73412695139955,34.2981543758436
4,5,7,8,10,12,28.1403059813319,31.5149165922726
4,5,7,8,10,13,10.4583793287382,26.5563815573307
4,5,7,8,11,12,10.4250028364406,23.0879651445983
4,5,7,8,11,13,30.483408663872,33.9136730575407
4,5,7,8,12,13,30.8062880452901,31.1985422816893
4,5,7,9,10,11,6.51546534733883,43.6231230000838
4,5,7,9,10,12,33.1913054524538,34.5853752633047
4,5,7,9,10,13,25.8946441017523,36.2197097353416
4,5,7,9,11,12,7.23622076250327,38.2046644713659
4,5,7,9,11,13,29.7964908594274,37.9201983328312
4,5,7,9,12,13,33.2599559409941,35.7193479115679
4,5,7,10,11,12,10.0054178075531,34.8266110966404
4,5,7,10,11,13,6.14207453676719,45.1257119007423
4,5,7,10,12,13,17.8295272685977,40.7629077544487
4,5,7,11,12,13,11.4379688501728,37.8301930120612
4,5,8,9,10,11,26.264495781727,39.6227309646999
4,5,8,9,10,12,28.4110974487989,36.9555203042969
4,5,8,9,10,13,21.6541152564806,34.0230645733825
4,5,8,9,11,12,8.89355334738871,46.0232017231342
4,5,8,9,11,13,9.91040429990656,38.3971099483986
4,5,8,9,12,13,0.890858423146226,54.2763910088043
4,5,8,10,11,12,27.1083370765944,37.0412701822436
4,5,8,10,11,13,20.8123353271102,35.9163521946744
4,5,8,10,12,13,27.6652822880897,36.4506505255368
4,5,8,11,12,13,2.09855182627849,50.6299308825967
4,5,9,10,11,12,7.47583862295385,47.4842159406802
4,5,9,10,11,13,18.3013897811989,36.2818737757716
4,5,9,10,12,13,19.5857941891162,37.6379004551082
4,5,9,11,12,13,13.8521288773909,45.0844903395695
4,5,10,11,12,13,11.4809881522156,45.0645003405106
4,6,7,8,9,10,0.777038974094627,59.2771813592056
4,6,7,8,9,11,12.0979542272695,40.8568007145819
4,6,7,8,9,12,11.97994484789,42.6163547245257
4,6,7,8,9,13,10.6804319067756,34.1118475943336
4,6,7,8,10,11,1.16571279458328,64.7679882606988
4,6,7,8,10,12,32.9118061016391,31.2931852989408
4,6,7,8,10,13,21.4812812863712,29.1168287387807
4,6,7,8,11,12,0.660682732209882,34.2527407071016
4,6,7,8,11,13,14.249630913373,29.7912696597306
4,6,7,8,12,13,8.45947788124364,29.5999647405519
4,6,7,9,10,11,0.833284296900538,54.9622191905996
4,6,7,9,10,12,29.9151480968081,33.3163650016486
4,6,7,9,10,13,27.9086941523949,34.4214761896831
4,6,7,9,11,12,5.22053418737404,44.9321170915465
4,6,7,9,11,13,29.8917953869728,37.0534221064117
4,6,7,9,12,13,13.8891111739193,46.8411100876241
4,6,7,10,11,12,34.5847226507968,33.8897710912214
4,6,7,10,11,13,5.56166993617768,39.9756422283478
4,6,7,10,12,13,31.5968958138988,34.1356790560168
4,6,7,11,12,13,28.0805393015416,34.5634636774387
4,6,8,9,10,11,1.89832123499039,50.4784183704533
4,6,8,9,10,12,30.3695032112535,35.619580470197
4,6,8,9,10,13,22.5755242992666,32.7146437548196
4,6,8,9,11,12,0.920810253308327,68.2236286652955
4,6,8,9,11,13,24.9338428055004,36.6197416713585
4,6,8,9,12,13,6.80091009859815,56.8134096315109
4,6,8,10,11,12,27.0710917683773,36.5702929597037
4,6,8,10,11,13,21.3104722085229,35.7104083414609
4,6,8,10,12,13,30.0013209252379,36.6059053320709
4,6,8,11,12,13,15.1891461154834,39.8893501343627
4,6,9,10,11,12,21.3694463795169,37.1701625021237
4,6,9,10,11,13,15.8227735749581,33.9646048745002
4,6,9,10,12,13,0.523231744818012,73.1872740099791
4,6,9,11,12,13,28.0290179118184,38.10948968746
4,6,10,11,12,13,24.6033838956955,37.4223003311952
4,7,8,9,10,11,31.9904567704728,35.3467183100557
4,7,8,9,10,12,33.3401171183845,30.8051682319042
4,7,8,9,10,13,4.79741581421694,37.5918557883639
4,7,8,9,11,12,1.02944174556792,43.6776806676338
4,7,8,9,11,13,30.0154778592331,34.040674811191
4,7,8,9,12,13,15.9528450111637,37.4553319179168
4,7,8,10,11,12,32.4918621599683,29.1629119748159
4,7,8,10,11,13,10.1919299024507,28.726705421622
4,7,8,10,12,13,28.3360272705039,30.5204627036038
4,7,8,11,12,13,27.2458133714756,29.6558246758651
4,7,9,10,11,12,34.341118182194,33.3806858467305
4,7,9,10,11,13,3.84646333463238,35.6783354843092
4,7,9,10,12,13,31.7760050495488,33.5451637613224
4,7,9,11,12,13,29.8448025776073,34.112899945624
4,7,10,11,12,13,7.01015294475553,37.106702987535
4,8,9,10,11,12,29.3383622470327,36.0539346873045
4,8,9,10,11,13,23.2466845956851,34.758487871777
4,8,9,10,12,13,31.5098700421514,36.010720745831
4,8,9,11,12,13,6.73585309305158,47.7664316409459
4,8,10,11,12,13,28.7720137862541,36.3591984802846
4,9,10,11,12,13,25.7865659630614,36.9568101927538
5,6,7,8,9,10,8.38506968349933,45.8217158243081
5,6,7,8,9,11,24.5308015291159,37.5417177823224
5,6,7,8,9,12,15.8586221859771,36.5869554969532
5,6,7,8,9,13,21.4101746303275,37.2571262535017
5,6,7,8,10,11,0.752653972440845,42.8232284589506
5,6,7,8,10,12,22.7073644248817,33.995887863605
5,6,7,8,10,13,14.2609839176795,38.0743770375071
5,6,7,8,11,12,20.7239571979074,28.4320076170407
5,6,7,8,11,13,10.9884510168437,44.3747930230249
5,6,7,8,12,13,25.8097326487913,31.2820773155229
5,6,7,9,10,11,5.1266011266341,45.9308185535058
5,6,7,9,10,12,27.0013904043098,37.2416794727749
5,6,7,9,10,13,25.6041859693199,38.3917510265636
5,6,7,9,11,12,12.2795656971632,38.627947984115
5,6,7,9,11,13,24.5321094880222,40.2694533945735
5,6,7,9,12,13,0.647505113497941,56.4104108219876
5,6,7,10,11,12,7.59217203348501,40.4551566472698
5,6,7,10,11,13,16.1807402176828,42.7930043898187
5,6,7,10,12,13,23.5578396572799,40.7051291326213
5,6,7,11,12,13,21.2748721441596,37.126258291799
5,6,8,9,10,11,10.2026789065506,44.9808638460575
5,6,8,9,10,12,24.8286505947288,39.334805994976
5,6,8,9,10,13,18.0463246681575,35.349026008719
5,6,8,9,11,12,12.5045485484744,41.4102204538691
5,6,8,9,11,13,20.1312785511835,38.448675494347
5,6,8,9,12,13,6.107070840503,50.838071982238
5,6,8,10,11,12,19.5314807695976,39.4387592774107
5,6,8,10,11,13,21.5726093117113,38.1052980196195
5,6,8,10,12,13,23.8083455360447,37.8552282664571
5,6,8,11,12,13,11.3545577635332,47.7732798334361
5,6,9,10,11,12,6.9139678947102,50.420100741246
5,6,9,10,11,13,15.6405364646695,38.9584345538731
5,6,9,10,12,13,17.2290792170449,41.753560493619
5,6,9,11,12,13,22.0599495908292,43.2260530233982
5,6,10,11,12,13,19.7971560813913,42.9641326039065
5,7,8,9,10,11,26.3926235371972,37.734557204727
5,7,8,9,10,12,24.7638917437139,33.2053470921507
5,7,8,9,10,13,5.27547279934402,45.0180070413727
5,7,8,9,11,12,8.91717687070587,24.9942499463622
5,7,8,9,11,13,23.2449253399798,37.4666329596677
5,7,8,9,12,13,28.0444607688978,31.4657191413527
5,7,8,10,11,12,21.4917539600275,28.8140778922081
5,7,8,10,11,13,0.543670374262483,55.2819742658193
5,7,8,10,12,13,23.1867777647521,30.342395354782
5,7,8,11,12,13,19.0712729446031,26.9450829941152
5,7,9,10,11,12,27.8368275682092,35.7970907268471
5,7,9,10,11,13,12.7463417349063,31.7572718838456
5,7,9,10,12,13,26.3728888109856,35.5636580301644
5,7,9,11,12,13,24.4992368903147,34.9400030121909
5,7,10,11,12,13,14.6065259537686,34.588255620935
5,8,9,10,11,12,25.013267867008,37.3127158778412
5,8,9,10,11,13,20.2883802252105,34.0248635976271
5,8,9,10,12,13,25.010229109842,35.5507221264578
5,8,9,11,12,13,9.95128884182169,39.4496052806178
5,8,10,11,12,13,21.5784794594535,37.1224196965327
5,9,10,11,12,13,0.565218155207049,37.3947201042504
6,7,8,9,10,11,28.0316026177086,37.8213862237619
6,7,8,9,10,12,29.1484790107815,33.2486236492323
6,7,8,9,10,13,0.644981066936207,44.7153033322691
6,7,8,9,11,12,0.63765485481464,31.9299465679267
6,7,8,9,11,13,25.444862428621,34.096461957204
6,7,8,9,12,13,14.7808005120771,31.8401337110477
6,7,8,10,11,12,23.0525146415548,30.9853766973033
6,7,8,10,11,13,20.9855086567855,31.3864971741578
6,7,8,10,12,13,28.1241059371399,32.6055457404078
6,7,8,11,12,13,21.9054584313092,30.5664992376091
6,7,9,10,11,12,11.0060207147627,39.355919900747
6,7,9,10,11,13,9.79116668763478,32.5188465391834
6,7,9,10,12,13,28.4506570540535,36.3174517256238
6,7,9,11,12,13,25.4392928174464,35.9164154618762
6,7,10,11,12,13,24.0661012613293,35.6239575888645
6,8,9,10,11,12,21.9002945357156,40.1739139906218
6,8,9,10,11,13,20.4783012928891,34.5944011698694
6,8,9,10,12,13,27.2117169382508,36.9972626005288
6,8,9,11,12,13,10.2400464352396,43.6847565005794
6,8,10,11,12,13,22.4553182151396,38.051320296666
6,9,10,11,12,13,21.4140905441979,38.1656935184127
7,8,9,10,11,12,21.4521178045035,30.6563149774743
7,8,9,10,11,13,22.7424332241721,32.1170383255604
7,8,9,10,12,13,27.8139595076814,32.2961085961646
7,8,9,11,12,13,24.1517291605343,31.1443759585283
7,8,10,11,12,13,23.6476196399777,30.8888278411518
7,9,10,11,12,13,27.1273705712711,33.7312536573498
8,9,10,11,12,13,25.1912832800488,33.2479905944692
